CustomerID,Recency,Frequency,Monetary
,1,1428,1755276.64
14646,2,73,280206.02
18102,1,60,259657.3
17450,9,46,194550.79
16446,1,2,168472.5
14911,2,201,143825.06
12415,25,21,124914.53
14156,10,55,117379.63
17511,3,31,91062.38
16029,39,63,81024.84
12346,326,1,77183.6
16684,5,28,66653.56
14096,5,17,65164.79
13694,4,50,65039.62
15311,1,91,60767.9
13089,3,97,58825.83
17949,2,45,58510.48
15769,8,26,56252.72
15061,4,48,54534.14
14298,9,44,51527.3
14088,11,13,50491.81
15749,236,3,44534.3
12931,22,15,42055.96
17841,2,124,40991.57
15098,183,3,39916.5
13798,2,57,37153.85
16013,4,47,37130.6
16422,18,51,34684.4
12748,1,209,33719.73
15838,12,19,33643.08
17404,5,15,31906.82
17389,1,34,31833.68
13098,2,28,28882.44
14680,26,16,28754.11
13081,12,11,28337.38
13408,2,62,28117.04
17857,5,23,26879.04
16333,8,22,26626.8
13777,1,33,25977.16
12753,23,6,21429.39
12744,52,7,21279.29
16210,2,18,21086.3
17675,2,31,20374.28
17381,9,29,20275.61
15039,10,47,19914.44
12471,3,30,19824.05
12731,24,12,18895.91
15159,2,30,18641.01
12901,9,28,17654.54
12678,43,12,17628.46
14031,8,19,17286.86
17428,1,28,17256.85
13767,3,37,17220.36
13881,4,20,17159.52
16839,9,34,16594.35
12921,10,37,16587.09
14607,16,14,16569.5
15856,5,27,16387.57
17677,2,30,16363.23
15189,2,41,16225.39
14051,1,23,15610.39
15513,34,19,14758.22
16133,4,33,14589.039999999999
14866,11,12,14389.9
16705,1,20,14034.99
12681,15,22,13787.54
12621,2,20,13689.67
12540,20,17,13400.24
12433,1,7,13375.87
15498,3,27,13316.4
12477,23,6,13219.74
17735,3,19,13110.02
16525,3,26,13027.45
14258,10,9,12669.98
13078,4,26,12627.94
12536,44,3,12601.830000000002
15640,5,15,12515.66
16000,3,3,12393.7
17340,30,11,12353.29
12682,4,31,12288.22
13113,1,24,12245.96
14606,2,93,12156.65
12557,17,5,11990.960000000001
12939,65,8,11581.8
15125,26,15,11528.48
14194,5,21,11349.52
12971,4,86,11189.91
14895,8,20,11138.71
12409,79,3,11072.67
15482,16,12,11054.96
17581,1,25,11045.039999999999
13319,6,26,10845.55
17107,34,6,10815.43
13340,46,7,10736.48
14769,3,8,10674.75
17139,16,12,10668.47
16779,3,22,10629.72
17865,31,20,10526.32
17706,5,17,10504.49
15251,10,11,10484.99
14062,10,12,10464.85
15615,11,23,10399.74
15502,16,12,10384.93
16180,101,8,10254.18
16843,43,16,10196.57
12590,212,2,9864.26
13001,5,13,9818.82
13199,4,38,9817.12
15078,8,32,9743.11
12709,16,15,9736.52
13458,8,14,9646.57
14733,17,12,9585.91
16523,2,21,9418.47
12567,23,10,9401.28
14367,9,16,9261.52
14667,11,25,9241.2
18092,3,11,9068.26
13969,8,18,9053.94
12451,11,5,9035.52
13488,18,13,8968.31
13090,9,14,8910.82
16033,6,20,8816.4
17017,3,20,8694.26
17243,2,26,8676.85
17306,11,19,8631.31
16656,23,15,8625.8
14527,3,55,8508.82
12683,5,15,8476.57
18139,18,6,8438.34
15358,5,22,8347.2
16558,1,20,8338.49
14056,2,23,8214.65
14936,34,8,8137.02
16672,3,20,8134.94
13854,9,25,8109.5199999999995
14952,60,11,8099.49
18109,2,26,8052.97
14796,2,17,8022.49
12428,26,9,7956.46
15290,5,18,7943.22
14849,22,25,7930.54
12757,16,13,7857.1
17811,5,39,7837.73
13093,276,8,7832.47
12435,80,2,7829.889999999999
13629,24,11,7792.36
15044,20,17,7700.2300000000005
15194,4,15,7616.53
18172,15,20,7561.68
13263,2,35,7454.07
12474,18,18,7375.79
12980,158,9,7374.9
15465,20,18,7354.62
17396,40,8,7330.8
12583,3,15,7281.38
13018,17,28,7277.7
18229,12,20,7276.9
16923,13,19,7247.61
16729,39,21,7239.92
16745,87,17,7194.3
16873,5,6,7123.62
13324,37,10,7121.95
13985,5,15,7060.13
14961,11,9,7044.68
12766,4,7,6989.63
12798,11,3,6977.04
12989,4,15,6924.11
16713,19,15,6923.13
13027,114,6,6912.0
16187,32,15,6911.44
17416,30,7,6893.42
12705,16,9,6868.29
12476,16,11,6816.42
12830,38,6,6814.64
15023,4,11,6802.76
18055,8,10,6784.19
15601,12,14,6776.56
16652,59,7,6773.97
16532,18,3,6748.8
13576,11,18,6717.34
16746,5,18,6697.66
15249,32,13,6688.46
16353,4,23,6675.71
17338,18,8,6643.93
12626,24,9,6620.48
16182,73,4,6617.65
15144,9,17,6580.44
12472,33,7,6572.11
16814,15,21,6509.1
12431,36,15,6487.45
18223,5,14,6484.54
15694,1,14,6479.4
13225,4,7,6463.84
13102,2,24,6424.09
13871,23,13,6403.25
12359,58,4,6372.58
13668,3,21,6363.59
13709,4,13,6328.05
15005,16,28,6316.57
17315,2,38,6292.26
16126,30,4,6287.77
14057,24,17,6217.96
12357,34,1,6207.67
14060,5,19,6140.42
13418,12,18,6127.43
17509,58,8,6115.14
15939,90,15,6115.01
14735,4,32,6065.69
12637,68,8,6021.9
13097,33,10,6010.42
13316,38,4,5977.73
14101,74,6,5976.79
15382,15,6,5955.71
14505,18,8,5905.64
14415,2,13,5900.28
14944,30,12,5900.25
13209,31,8,5891.61
13534,3,25,5870.08
13050,15,17,5836.86
12720,3,25,5781.73
15218,11,11,5756.89
17686,8,7,5739.46
13178,27,11,5725.47
16553,164,12,5719.82
13468,2,37,5704.97
14110,4,12,5683.15
14049,17,4,5681.72
17049,3,9,5659.9800000000005
17716,23,11,5655.99
13004,12,18,5655.91
18118,11,26,5653.82
14688,8,21,5630.87
17757,2,30,5605.29
12481,23,10,5596.32
12839,3,14,5591.42
16767,31,11,5580.6
16161,2,19,5575.56
12539,23,4,5568.35
15805,24,17,5528.48
18225,4,12,5509.12
16609,16,7,5493.46
16985,18,10,5464.12
16265,10,9,5447.0
18198,5,17,5425.56
12490,6,10,5417.93
17809,17,12,5411.91
16701,9,13,5398.3
17719,38,15,5396.04
17850,373,34,5391.21
16303,26,3,5360.63
13269,2,15,5346.23
15150,18,10,5314.47
17730,4,13,5298.48
17061,74,11,5232.23
18226,45,11,5228.05
12362,4,10,5226.23
15046,10,15,5213.7699999999995
16258,46,5,5203.51
13756,3,14,5189.52
16191,3,13,5180.5199999999995
15727,17,7,5178.96
17858,6,12,5155.66
13599,2,21,5153.67
15903,10,7,5126.76
13941,22,5,5112.96
17602,3,6,5102.97
16700,9,13,5076.55
14562,4,18,5074.7699999999995
15301,51,12,5070.35
13139,17,7,5064.9400000000005
12432,43,5,5059.32
15719,33,13,5045.61
17426,9,6,5037.26
14329,18,7,5014.84
14755,10,11,5010.28
12444,22,5,5005.46
15032,257,3,4959.1
15547,8,14,4954.84
12437,2,18,4951.41
12700,8,4,4939.99
15786,47,3,4932.2
14709,16,13,4921.04
17133,16,7,4892.24
12664,9,9,4881.88
12688,114,1,4873.81
14292,8,9,4871.93
17652,26,12,4867.72
15738,19,16,4812.42
13013,2,13,4810.94
15555,13,16,4805.17
17365,13,8,4801.56
15298,3,12,4799.9
15187,2,16,4777.18
17690,31,15,4757.95
12955,2,11,4757.16
14180,11,25,4748.5199999999995
15152,10,13,4745.69
16722,18,13,4730.81
12714,10,5,4708.86
14159,20,11,4693.01
14135,2,15,4690.31
14191,2,13,4684.76
15291,26,15,4668.3
14189,3,15,4654.08
14390,11,9,4652.82
14286,24,3,4628.75
16931,6,21,4604.22
13802,139,3,4599.42
15093,19,6,4597.02
14004,44,7,4582.64
17613,23,14,4559.15
17068,13,21,4552.14
12484,33,6,4541.72
13267,3,19,4521.49
15299,68,7,4507.01
17975,16,13,4488.81
12524,10,8,4485.72
14426,24,10,4481.67
16984,89,2,4481.35
17364,1,11,4481.18
12627,11,7,4478.53
14085,3,18,4448.54
14534,3,18,4447.05
13069,1,24,4436.12
15955,25,14,4416.26
16626,1,17,4413.1
15874,64,7,4405.88
12712,29,13,4396.13
13505,73,4,4393.63
12752,82,1,4366.78
16945,22,19,4345.5
14016,162,4,4341.21
14800,48,12,4339.74
14525,20,9,4332.2
17567,8,8,4331.48
18251,88,1,4314.72
12347,3,7,4310.0
15034,16,8,4308.61
17937,9,7,4301.22
14422,1,6,4263.64
12500,24,11,4257.82
17419,12,12,4226.57
14277,16,3,4216.2
15804,1,13,4206.39
17920,5,17,4204.1
15971,18,12,4199.85
12747,3,11,4196.01
14146,9,5,4191.0
18041,12,21,4183.39
12949,31,8,4167.22
15570,8,12,4165.5199999999995
16549,11,10,4154.64
13384,31,7,4151.93
13555,74,4,4149.28
13988,20,6,4147.96
15514,13,11,4139.46
12569,3,32,4124.69
16592,5,16,4113.68
17940,50,10,4106.4400000000005
17377,24,20,4100.92
16401,2,12,4098.32
16670,17,11,4095.9
12749,4,5,4090.88
14092,8,14,4076.91
12449,23,4,4067.29
18087,99,2,4055.7200000000003
14401,5,13,4051.48
12656,18,5,4051.17
12867,27,7,4036.82
13815,23,4,4027.36
12841,5,25,4022.35
12957,10,8,4017.54
12378,130,1,4008.62
14547,4,8,4007.54
16186,23,12,4006.94
17769,13,10,3997.98
15529,23,11,3995.23
17001,1,11,3989.57
15416,65,4,3984.32
17611,8,15,3984.22
12779,38,8,3981.36
12727,11,7,3980.7
14299,9,9,3965.62
13523,34,5,3964.88
13183,8,9,3957.7799999999997
17651,12,10,3945.0
12473,30,5,3938.55
17593,4,5,3927.34
14739,5,7,3902.28
13999,11,12,3901.81
14291,2,11,3883.25
18073,115,12,3877.52
13124,90,3,3866.33
15195,3,1,3861.0
16717,24,6,3858.38
12662,1,11,3849.7799999999997
16327,15,6,3844.22
13266,12,12,3834.2599999999998
17091,3,9,3827.76
15867,6,15,3812.64
12755,281,2,3811.9500000000003
12597,20,4,3811.22
13435,6,7,3809.89
12668,12,4,3807.15
16145,9,11,3799.49
16655,18,6,3794.52
16168,11,27,3787.6
16019,47,9,3786.24
12562,9,7,3781.7400000000002
17173,6,8,3766.6
16904,5,16,3754.27
12429,10,4,3750.4
17238,3,17,3744.65
14145,47,4,3742.2
13552,67,12,3740.07
16570,16,10,3738.4
15808,307,4,3734.9700000000003
14282,4,15,3729.34
12502,96,5,3723.87
12647,23,12,3722.82
13680,2,4,3722.42
16240,25,2,3718.8
14364,109,8,3717.35
15845,18,8,3711.77
15622,44,9,3709.56
13148,30,12,3707.12
17819,72,7,3704.87
15379,170,7,3703.29
12553,9,10,3692.28
16253,67,2,3683.86
15581,121,13,3679.9700000000003
15296,51,6,3672.86
18079,46,4,3651.97
13137,11,8,3650.41
12417,4,9,3649.1
16712,10,11,3645.43
13426,1,10,3641.32
12619,17,9,3641.24
16440,8,5,3640.67
13381,32,6,3639.31
17230,265,8,3638.41
14543,29,16,3630.33
17528,2,8,3628.5
13327,39,8,3627.77
13520,59,6,3624.35
17576,9,19,3622.68
14040,41,12,3614.92
13082,127,9,3613.63
15505,53,5,3610.96
15113,10,3,3609.33
16242,9,7,3603.21
15484,2,4,3594.31
14132,3,11,3586.0299999999997
17203,36,6,3563.85
17491,2,10,3558.87
15544,10,9,3546.71
12370,52,4,3545.69
14503,4,6,3543.26
13448,17,6,3539.37
13334,83,3,3536.82
12454,57,1,3528.34
17160,32,6,3518.03
13953,8,7,3515.68
16360,5,6,3512.53
14395,3,9,3507.71
16131,52,6,3506.54
14907,4,7,3501.1
16458,3,18,3482.7400000000002
13993,43,9,3466.36
13014,11,10,3466.28
17758,20,8,3456.7
15410,85,8,3450.84
13536,2,7,3448.29
15129,51,11,3447.4
15974,40,7,3442.15
17725,17,11,3439.08
15676,19,3,3435.7599999999998
14221,43,9,3432.8
12406,23,2,3415.2999999999997
15981,25,8,3408.48
13437,15,7,3408.06
17669,43,7,3406.72
13198,11,6,3401.24
15228,67,4,3386.71
13842,59,9,3385.62
15708,41,7,3364.2400000000002
16011,9,16,3362.71
14227,27,10,3350.96
16818,11,11,3349.57
16607,18,14,3347.71
17183,8,6,3347.31
13015,54,5,3346.2799999999997
12643,129,6,3344.64
12613,58,5,3344.38
12594,38,10,3338.22
16556,67,7,3313.79
13373,61,3,3312.25
14841,54,6,3295.76
14702,2,17,3292.14
15632,16,8,3285.31
12480,29,4,3281.63
15764,89,6,3279.97
17723,128,6,3276.4
13952,218,2,3251.07
13047,32,10,3237.54
15443,2,7,3236.91
17050,97,6,3228.84
14175,60,3,3222.3
13880,22,13,3219.77
13268,18,11,3214.69
14388,11,8,3212.84
16107,18,7,3204.16
17220,25,14,3198.25
13868,8,2,3192.54
17685,17,7,3191.5299999999997
13758,12,7,3190.55
14844,64,4,3189.81
12456,45,3,3181.04
17672,51,2,3178.17
17231,13,10,3174.32
16837,32,11,3170.98
16041,31,3,3166.4
15861,13,8,3165.36
17863,60,6,3160.0
15065,38,4,3158.13
14235,76,5,3144.86
13742,17,12,3131.02
16156,9,9,3122.04
13685,3,7,3119.44
16326,6,14,3110.96
16678,3,12,3109.99
13869,124,4,3104.95
14099,17,11,3104.17
16905,6,7,3102.43
15491,96,6,3100.09
14257,65,5,3099.72
14565,96,4,3099.12
13135,197,1,3096.0
17059,30,5,3095.04
13362,10,4,3090.74
15998,37,5,3089.97
16218,30,7,3084.68
18272,3,6,3078.58
12910,24,8,3075.04
13631,100,11,3070.42
16686,48,7,3062.83
14456,6,9,3062.4
17799,23,10,3055.93
16940,53,3,3049.88
16393,3,13,3046.21
16709,85,5,3029.87
12598,10,8,3023.08
12395,20,12,3018.63
18094,82,7,3017.3
12754,236,3,3010.7400000000002
12916,139,4,3006.15
15521,41,8,3000.2
17659,18,12,2999.46
17504,207,9,2997.03
12670,11,5,2996.05
14307,89,6,2995.72
15687,9,9,2993.1
14639,53,6,2984.49
13451,27,5,2976.15
14032,3,11,2975.59
15854,5,12,2974.65
16497,50,6,2965.69
17924,12,7,2962.5
14868,4,8,2953.59
17084,36,2,2949.75
17444,148,3,2940.04
16316,65,8,2938.91
14530,26,6,2925.91
17512,29,10,2924.9900000000002
15606,62,9,2920.16
12906,12,5,2919.81
14112,23,7,2915.15
12438,15,2,2906.85
17644,2,11,2895.64
18144,8,12,2888.75
12408,33,5,2888.55
13735,25,4,2885.2400000000002
16633,18,6,2883.1
15673,89,4,2881.02
14251,2,5,2879.7
17728,4,3,2876.0099999999998
14005,10,5,2874.72
15628,5,9,2870.24
14711,11,11,2868.8
13901,73,5,2867.2
14535,61,3,2864.19
12685,29,6,2863.08
18145,13,4,2861.55
16928,81,17,2847.6
15984,3,10,2837.67
14852,59,6,2836.69
14572,4,7,2832.84
17596,24,7,2827.93
14842,44,4,2824.69
13174,17,3,2817.03
16871,23,6,2812.34
12356,23,3,2811.43
14903,22,5,2810.63
18230,10,7,2810.2
13230,5,14,2806.97
16081,57,5,2806.9
16764,4,13,2799.25
15993,9,7,2797.57
13769,3,10,2796.5099999999998
12578,22,2,2794.51
12758,117,2,2791.59
17739,12,7,2791.35
14626,24,4,2791.27
17213,41,7,2781.23
12388,16,6,2780.66
14121,4,4,2780.15
17838,27,5,2779.3
13870,3,8,2770.94
15356,32,10,2766.5
15114,31,10,2760.56
14854,79,7,2759.83
13971,19,8,2758.2599999999998
15321,71,3,2748.31
12669,151,3,2744.0299999999997
14808,40,8,2741.17
14125,11,3,2740.43
15696,34,8,2736.46
16938,9,4,2736.38
16003,30,5,2735.37
12840,144,4,2726.77
12380,22,4,2724.81
12708,30,10,2712.91
15796,2,8,2711.56
17069,29,9,2709.7
13285,24,4,2709.12
13654,44,6,2707.33
14107,52,7,2703.23
14732,9,8,2702.49
18097,8,6,2697.8
17386,8,6,2686.42
12625,212,2,2683.82
17346,4,15,2676.56
13883,11,5,2674.48
14713,10,11,2666.36
12360,53,3,2662.06
14439,320,1,2661.2400000000002
15671,19,7,2657.13
12721,32,6,2656.13
13851,96,3,2651.46
16618,32,5,2647.59
18260,173,6,2643.2
13658,10,5,2639.17
17655,11,7,2638.94
15752,40,7,2637.38
13804,31,7,2635.79
13771,65,4,2634.45
12520,80,5,2634.2599999999998
17402,5,13,2633.85
18077,9,11,2633.01
13422,65,1,2626.3
13644,17,4,2624.26
17965,38,14,2622.57
18210,2,6,2621.38
16255,17,8,2619.91
14262,9,8,2618.23
13021,5,9,2616.38
15782,10,3,2614.74
14397,3,19,2612.96
12836,60,4,2612.86
18075,24,10,2611.75
12726,29,7,2609.1
16241,10,13,2607.87
13136,57,5,2607.61
14408,11,7,2606.53
13983,30,12,2603.43
17317,47,3,2600.34
12600,29,10,2599.04
16919,157,11,2596.45
13895,29,4,2593.07
14243,9,10,2588.77
15033,5,10,2586.67
13911,58,9,2580.91
14546,6,5,2578.09
16912,29,11,2575.38
15485,31,3,2575.0
18245,8,7,2567.06
16308,38,4,2560.0
15572,5,7,2552.86
14334,17,8,2552.21
14701,11,9,2549.37
14676,32,6,2548.24
13344,68,3,2543.72
14776,52,11,2538.2999999999997
17700,17,4,2534.64
13471,2,4,2531.58
14659,9,9,2529.93
17314,25,8,2527.92
13975,32,6,2526.28
17449,3,7,2520.86
13394,2,8,2520.02
15245,135,3,2515.84
15271,8,15,2507.07
12352,37,8,2506.04
13695,32,15,2504.13
12517,29,5,2502.84
15932,5,8,2495.87
16477,64,7,2494.46
12483,18,8,2484.98
12913,5,5,2483.63
16710,20,10,2483.04
14315,45,6,2481.13
13507,4,4,2479.16
13588,16,9,2478.95
17682,11,6,2474.33
17188,12,7,2474.23
14766,9,6,2473.37
14502,20,11,2470.67
17164,33,7,2467.35
12455,74,6,2466.86
15750,3,8,2465.48
17131,6,5,2463.17
13784,10,11,2462.79
15674,74,5,2446.6
14163,88,4,2445.91
15527,19,8,2429.78
17071,29,9,2429.03
13949,3,6,2427.3199999999997
16143,4,6,2424.94
17722,97,4,2424.04
15089,11,6,2420.84
15373,9,12,2415.91
12397,36,2,2409.9
17589,61,4,2404.17
15980,89,3,2398.86
18065,6,14,2392.83
13141,85,5,2388.75
15370,41,7,2386.05
17530,2,10,2385.0
14493,8,5,2383.24
14554,11,4,2381.04
14239,44,11,2380.85
15270,16,7,2379.49
13722,132,3,2375.41
17434,3,7,2373.82
14930,109,3,2372.86
13908,80,4,2369.55
15755,11,6,2364.25
12457,67,7,2363.23
17634,37,9,2361.97
14030,19,8,2360.09
14440,9,5,2357.68
15140,53,7,2354.25
14309,9,9,2352.53
12704,8,8,2340.84
18259,25,3,2338.6
12584,4,9,2338.15
18257,40,8,2337.63
17954,6,12,2332.72
15281,59,9,2332.15
12782,5,5,2330.92
15785,33,5,2328.9700000000003
17313,32,1,2328.84
17744,4,6,2322.4
17211,27,8,2317.22
14290,12,5,2314.65
15365,26,7,2314.32
13994,4,6,2313.14
13704,6,9,2308.06
15288,44,5,2306.52
16735,79,5,2300.56
16550,109,5,2298.97
15105,19,7,2298.93
13115,12,4,2294.78
15704,141,4,2293.62
12615,3,4,2291.19
13527,34,7,2287.51
17696,39,8,2285.71
12684,8,7,2283.63
16782,11,13,2279.9
13317,67,6,2273.68
17768,9,3,2273.18
14466,30,7,2272.4
13700,27,10,2265.12
16057,17,7,2263.12
16209,89,5,2262.62
14432,10,6,2255.5099999999998
16293,22,10,2248.99
17442,37,6,2248.56
15235,218,12,2247.51
16771,34,5,2246.81
15665,169,2,2242.0099999999998
14211,54,9,2241.1
16743,30,7,2238.09
14560,8,22,2237.77
14700,33,3,2235.3
16076,4,10,2234.73
15834,71,4,2233.75
18242,73,4,2232.49
14226,29,5,2232.19
14825,4,12,2226.91
17591,74,7,2225.97
12783,3,6,2225.91
13365,34,2,2225.37
15722,36,5,2222.56
15811,23,6,2218.62
12876,58,2,2218.02
12653,149,2,2209.85
13862,19,8,2209.36
15797,114,4,2207.4
15179,19,5,2206.95
13831,17,6,2202.99
17406,334,3,2200.42
15123,8,2,2199.31
16628,30,5,2188.05
15394,10,4,2183.54
14341,46,8,2182.28
12856,8,6,2179.93
12909,40,5,2178.67
12501,337,1,2169.39
12633,59,4,2163.98
13755,4,9,2161.35
12935,3,7,2160.7
16456,100,5,2158.37
14407,108,6,2157.73
16379,5,4,2157.4
13224,61,2,2155.95
16966,9,7,2154.9700000000003
17272,43,4,2148.63
14828,197,3,2139.76
12560,6,3,2134.0099999999998
17400,127,5,2129.96
13517,60,3,2128.42
14360,32,4,2128.23
16407,13,10,2126.93
14640,25,6,2125.08
15058,26,11,2124.99
13632,25,5,2121.27
18061,22,10,2119.41
18008,71,9,2116.19
14691,31,5,2114.33
13265,54,5,2107.66
18173,87,4,2106.84
18093,94,4,2106.52
14461,149,3,2103.06
14515,18,6,2102.09
17861,4,8,2100.8
15815,64,5,2100.6
13126,5,8,2099.64
12610,23,5,2099.54
16875,68,5,2095.53
17191,29,7,2095.13
18283,4,16,2094.88
14306,52,2,2093.32
17490,1,7,2092.32
13571,13,12,2092.32
13297,8,4,2089.85
18044,5,10,2088.6
14810,41,11,2087.88
16954,1,9,2085.08
18231,193,5,2083.27
14696,5,7,2078.95
14209,11,6,2073.43
18241,10,17,2073.09
18219,3,10,2069.77
14482,19,6,2068.15
12948,17,7,2064.95
12928,36,5,2062.7
16281,73,1,2062.06
14409,72,6,2059.45
12518,1,5,2056.89
17667,67,5,2055.5099999999998
14188,31,6,2054.36
16150,43,5,2053.02
17086,8,6,2050.08
17612,54,6,2048.45
14232,43,5,2048.07
17625,19,4,2047.0
13495,8,5,2044.87
17597,214,1,2044.3700000000001
17090,5,7,2043.95
13450,27,6,2043.72
14001,46,3,2043.08
12585,235,2,2040.1
13593,109,5,2037.08
18069,27,5,2036.67
17846,86,1,2033.1
13630,6,7,2031.78
16409,37,5,2028.88
17337,152,4,2027.8700000000001
16358,2,4,2027.5
14544,25,2,2024.45
15341,81,1,2020.52
14506,18,5,2012.17
15531,9,2,2007.44
15372,138,1,2007.4
16098,88,7,2005.6299999999999
14730,2,8,2005.06
14217,2,17,2004.98
14462,67,11,2004.02
17082,34,2,2003.85
16754,373,1,2002.4
15493,33,5,2001.8
18188,16,3,2001.04
13305,5,10,2000.86
16698,227,2,1998.0
17827,6,5,1995.46
18204,72,3,1993.7
17679,53,2,1992.1100000000001
17088,29,4,1991.01
13246,19,6,1987.3
13590,12,6,1981.92
13725,50,8,1980.56
17422,17,6,1979.37
16341,25,4,1971.87
17997,75,8,1970.67
12674,39,4,1970.6
17790,27,14,1965.55
17218,5,10,1960.72
15351,13,7,1960.11
14498,43,5,1957.32
12853,135,6,1957.1
17554,2,5,1952.45
14533,25,7,1949.72
14653,2,7,1947.55
15814,17,4,1945.33
15518,65,8,1942.45
14418,4,3,1937.25
14472,104,8,1936.84
15864,23,6,1936.32
15157,4,3,1936.07
12528,10,6,1933.48
14655,9,4,1932.23
14978,73,5,1931.42
16983,13,7,1931.25
13094,22,12,1927.32
16942,13,9,1920.5900000000001
15021,9,9,1914.82
17368,24,8,1912.67
14285,22,4,1910.01
16426,3,10,1908.25
17228,16,8,1906.09
14210,106,6,1905.84
15819,50,4,1905.45
14250,8,3,1904.05
12762,8,2,1898.52
17463,17,5,1896.41
17870,3,12,1894.35
14934,82,2,1890.94
12371,45,2,1887.96
15641,106,4,1887.2
16170,51,6,1885.05
13890,2,10,1883.81
16128,18,5,1880.22
17738,20,4,1879.05
15367,58,4,1877.59
17293,9,9,1875.1100000000001
16986,30,2,1873.2
13982,40,4,1871.81
16474,8,7,1871.5
17469,17,5,1870.97
16841,37,6,1869.82
14524,32,9,1867.68
17787,153,4,1865.19
16201,4,4,1863.47
14887,80,1,1862.0
12423,1,8,1859.31
17873,81,5,1859.1599999999999
14305,72,3,1858.96
12963,9,8,1856.6299999999999
16979,4,6,1852.0
13421,41,2,1851.08
12383,185,5,1850.56
12381,5,5,1845.31
17519,18,6,1844.02
18180,5,6,1843.75
12950,3,3,1843.0
17015,29,3,1842.56
16102,43,3,1842.1399999999999
16455,64,7,1841.18
14113,4,4,1840.42
14216,4,4,1839.3
13924,2,6,1838.85
14459,156,1,1837.92
18287,43,3,1837.28
13650,17,6,1836.34
15827,74,14,1836.09
13048,15,4,1835.91
14665,61,5,1835.7
16152,269,1,1829.04
15203,26,6,1827.8
18122,9,6,1826.21
17702,31,4,1824.37
16153,50,5,1824.23
17705,4,9,1823.52
16169,9,4,1822.97
17828,23,4,1820.09
17629,6,8,1814.12
15260,101,7,1810.77
13481,46,5,1804.56
17663,26,7,1802.91
15812,108,5,1801.14
16249,53,5,1800.07
13562,82,3,1799.3300000000002
13196,12,4,1797.78
17750,6,9,1797.57
17648,61,4,1797.5
12348,76,4,1797.24
18235,72,3,1796.48
13134,86,4,1793.58
18179,10,6,1793.17
13510,2,4,1791.56
16719,15,7,1790.42
12523,20,11,1789.77
14215,12,6,1789.72
14621,2,5,1788.36
13875,54,5,1786.79
14608,5,4,1785.15
14935,298,1,1784.71
15050,26,3,1782.09
16380,62,1,1780.59
15220,52,6,1778.96
17092,51,4,1777.78
12645,34,4,1775.18
17754,1,5,1772.26
15594,16,5,1771.78
15473,15,7,1771.2
17813,15,5,1770.88
14387,33,3,1770.56
16681,73,6,1770.34
13456,18,6,1766.72
15950,32,4,1765.51
16751,31,1,1764.72
12424,163,2,1760.96
12823,75,5,1759.5
12349,19,1,1757.55
15241,67,8,1756.44
16359,8,9,1750.92
13564,145,3,1749.02
13808,6,5,1747.66
15067,79,3,1744.76
13157,50,4,1741.22
14595,20,6,1740.6
17930,36,5,1740.48
17353,130,2,1740.0
17457,127,5,1737.7
14673,4,5,1736.4
17043,33,4,1735.18
16791,30,7,1721.78
17451,2,7,1721.3999999999999
14834,18,6,1720.3
15267,23,5,1717.36
17162,29,10,1715.46
13763,64,1,1714.96
17147,23,4,1714.59
14441,1,4,1712.8899999999999
12405,149,1,1710.3899999999999
15947,83,1,1708.24
12407,50,5,1708.12
16902,117,1,1706.88
15240,45,5,1706.57
16398,155,2,1705.8
17282,131,3,1703.41
12843,66,8,1702.26
16007,48,4,1701.94
13184,15,10,1701.29
17193,36,7,1699.3
13824,33,5,1698.94
16775,11,11,1695.66
12764,317,1,1693.88
14245,220,2,1693.45
15549,78,3,1693.26
16813,9,10,1692.98
16671,29,3,1692.27
15380,9,5,1690.26
17152,195,3,1689.5
12635,90,2,1689.18
13162,123,4,1688.29
13577,26,4,1687.6000000000001
16638,23,10,1680.72
13647,10,4,1678.1200000000001
13149,15,4,1676.06
17656,74,5,1674.69
16115,10,8,1667.97
12912,3,5,1662.3
12530,60,4,1662.28
13012,10,8,1661.84
15214,2,8,1661.44
15024,10,10,1661.33
15332,367,4,1661.06
12967,359,2,1660.9
14045,110,4,1659.75
15953,16,8,1659.3799999999999
15826,57,3,1654.31
14573,180,9,1653.42
17284,61,6,1652.58
16711,4,5,1651.03
14837,90,4,1649.5
13750,54,5,1647.26
12657,12,4,1643.18
15002,116,4,1641.76
13627,60,5,1638.47
12398,46,1,1635.6599999999999
15122,115,3,1633.78
14164,71,2,1631.77
17673,2,6,1629.12
12377,316,2,1628.12
16515,53,5,1627.13
14759,5,3,1625.97
16987,4,7,1625.05
13425,109,3,1624.21
15172,9,5,1624.05
14937,57,3,1621.88
17101,11,4,1621.73
14178,9,7,1620.93
16801,164,4,1619.73
18161,16,5,1618.69
14336,17,4,1614.91
16992,11,5,1614.31
15791,44,2,1612.69
14312,47,6,1611.59
13614,25,4,1610.46
14918,116,2,1610.15
12868,186,6,1607.06
16817,3,9,1604.75
12947,144,6,1603.99
16466,34,7,1603.46
14719,2,5,1602.1299999999999
14587,19,9,1601.14
15660,26,9,1600.86
16496,9,3,1599.52
13850,130,1,1595.48
17837,43,8,1593.38
16332,29,7,1593.2
16676,34,4,1592.12
14970,69,4,1592.06
15611,10,13,1591.45
18178,129,4,1590.81
14442,205,2,1589.82
12393,73,4,1582.6
15532,26,4,1580.93
12607,61,1,1579.51
13814,93,2,1579.12
16889,195,3,1578.67
13186,40,3,1575.89
13634,34,5,1575.16
13659,206,2,1573.2
17671,16,4,1572.71
16283,6,5,1570.81
12865,27,2,1568.23
15906,20,7,1567.69
15111,30,3,1567.48
17085,124,5,1566.65
17204,176,4,1564.56
18239,219,5,1561.61
14038,79,3,1560.38
16394,57,5,1555.34
13313,23,5,1555.32
16369,19,3,1553.66
15620,57,3,1553.18
15117,15,5,1551.78
13320,79,4,1548.7
14229,52,3,1547.2
14704,12,9,1546.91
16790,4,6,1545.6200000000001
13397,73,5,1544.13
15701,3,4,1542.14
12818,262,1,1542.08
16365,18,9,1540.42
17159,22,3,1538.88
13849,52,2,1537.95
12877,4,12,1535.77
15392,5,4,1535.53
15625,104,4,1534.26
13107,45,4,1531.6200000000001
12759,53,3,1531.44
14321,11,5,1530.75
14567,57,2,1530.36
15916,17,8,1528.09
16244,212,2,1522.75
16434,30,7,1522.25
16066,17,5,1521.8700000000001
13764,71,3,1521.76
13213,57,5,1520.58
16880,31,7,1519.08
14267,163,3,1516.24
13791,128,2,1516.0
16748,18,5,1515.9
16053,33,2,1511.95
16910,5,8,1510.06
16279,22,3,1509.58
16016,4,8,1508.76
15265,152,2,1506.1200000000001
12937,16,4,1504.27
15530,22,4,1502.35
16762,20,3,1501.3799999999999
13810,29,3,1499.01
17571,51,4,1498.51
14414,92,7,1496.98
16755,115,3,1496.83
17002,86,3,1493.73
15057,276,2,1489.5
13110,32,7,1488.67
13692,25,3,1488.32
14963,10,5,1487.8
17553,130,1,1487.6
16395,61,5,1486.8999999999999
14878,13,9,1485.54
14758,145,4,1484.06
18016,33,5,1483.56
15427,34,3,1483.14
17590,3,3,1479.22
14403,131,4,1475.81
15983,23,4,1475.02
12826,3,7,1474.72
14404,34,6,1474.32
14246,111,3,1474.06
15128,61,4,1471.0
16348,33,7,1469.45
14875,108,2,1465.32
12882,10,2,1463.04
14233,50,4,1462.72
14541,59,8,1461.65
17063,22,7,1461.14
16059,66,6,1459.86
16996,31,6,1456.96
13309,8,5,1456.79
13477,38,6,1454.58
15987,13,7,1451.28
14740,198,3,1448.21
15426,20,5,1447.39
14591,16,4,1447.14
17073,18,4,1446.09
13717,33,6,1445.01
13461,39,3,1445.0
17175,45,4,1443.69
15478,41,2,1441.42
15858,16,5,1438.85
14071,4,8,1438.82
13159,9,4,1437.85
14566,111,1,1432.0
16503,107,4,1431.93
13475,192,4,1431.78
16103,8,6,1429.64
16271,3,5,1429.24
14035,29,5,1428.02
15681,26,5,1426.16
15106,18,5,1422.52
16463,22,4,1422.4
16571,27,3,1421.69
14019,47,3,1421.61
14901,12,9,1421.29
14443,54,4,1420.2
17288,10,7,1419.73
16173,16,6,1418.32
15444,10,2,1418.26
17856,2,4,1418.03
18116,68,8,1418.03
14649,5,4,1417.29
14748,30,5,1415.75
16012,36,3,1415.29
16245,24,3,1413.66
17004,47,2,1412.94
15237,2,4,1412.32
15596,101,5,1406.59
17083,110,3,1405.78
15563,23,4,1400.44
14741,12,6,1400.34
18202,200,3,1396.99
13995,16,5,1393.69
17354,51,1,1393.06
15810,79,4,1391.98
15051,24,3,1391.61
13414,134,3,1390.5
13516,22,3,1389.41
15898,2,5,1388.88
16539,3,4,1388.81
15453,2,7,1388.37
15134,15,8,1387.99
12952,6,4,1387.79
17676,5,6,1387.68
12775,18,5,1386.04
13308,23,3,1385.51
18167,24,3,1384.86
17311,79,2,1384.85
13572,206,1,1384.25
14507,24,6,1383.18
14116,20,5,1382.74
16389,54,4,1382.07
16726,27,5,1382.02
17621,22,3,1379.9
12886,68,2,1378.4
15569,104,5,1375.71
16669,24,3,1374.87
14434,22,6,1372.8
15095,104,4,1370.6
13813,40,4,1366.86
14897,8,4,1366.38
13396,30,2,1360.99
14102,6,5,1360.28
15411,27,4,1358.88
13232,13,7,1357.6
17054,29,5,1356.33
14064,30,5,1353.74
14859,13,4,1353.74
15116,18,4,1352.75
16079,17,3,1352.0
16493,80,4,1351.6299999999999
12770,211,1,1351.45
12646,5,2,1346.97
14154,240,2,1345.62
15398,17,2,1345.53
12463,54,4,1344.78
17372,41,8,1342.68
16317,120,3,1341.65
13743,3,7,1341.6
18177,32,6,1341.42
16045,120,4,1340.7
13501,289,1,1340.32
15734,115,2,1339.45
12620,15,3,1339.41
15059,41,9,1337.72
16110,46,3,1337.48
12919,9,6,1335.19
15680,10,3,1333.68
17932,30,3,1331.57
12676,25,6,1331.3899999999999
16295,10,4,1328.55
15146,165,2,1327.16
17633,32,4,1324.84
12854,79,3,1324.5
17095,23,3,1324.16
16370,83,4,1320.56
14794,3,7,1319.91
13168,37,4,1319.19
16083,101,2,1317.62
12526,1,3,1316.66
14921,31,2,1316.07
12576,36,5,1315.83
14511,12,5,1314.81
16464,20,3,1314.68
14973,108,3,1314.45
14738,43,7,1314.45
16040,66,3,1313.55
12364,8,4,1313.1
12516,78,2,1312.06
14856,37,3,1311.38
14477,20,4,1309.6
16120,60,4,1309.14
14047,9,5,1308.61
13328,317,1,1308.48
14297,18,4,1305.33
12507,135,3,1304.81
16744,12,7,1304.76
17919,89,1,1304.04
15813,208,2,1303.9099999999999
14898,24,6,1303.52
15108,142,4,1300.25
15494,22,2,1299.23
12488,10,3,1298.66
12372,72,3,1298.04
15602,9,9,1297.87
17961,22,39,1296.44
16929,4,7,1295.39
16224,58,4,1295.3
15621,5,4,1293.03
16101,71,1,1290.7
15171,332,1,1289.5
15136,3,4,1286.7
16949,4,6,1286.27
17350,9,4,1286.07
17802,83,3,1285.04
16899,8,6,1281.56
13878,55,1,1281.53
13538,44,7,1280.85
16951,135,3,1277.75
16692,257,2,1276.0
17019,12,4,1272.61
12394,64,2,1272.48
12630,10,2,1270.88
14669,242,3,1269.99
13492,137,3,1269.84
13431,68,2,1269.1
14916,71,4,1268.98
15199,60,4,1268.7
16660,17,4,1267.65
17037,88,1,1267.32
17158,33,3,1266.97
14105,240,1,1266.23
13989,66,2,1266.08
16842,101,3,1264.19
15497,18,2,1262.2
15009,13,3,1261.78
16688,2,4,1260.8600000000001
17388,78,4,1259.56
17412,3,7,1258.06
13151,296,1,1257.87
14931,5,5,1257.68
16639,32,3,1257.51
17481,4,4,1255.59
13848,93,3,1255.0
17262,53,5,1253.3600000000001
14698,2,5,1250.76
14383,39,3,1247.69
12689,26,2,1247.61
13029,31,3,1247.5
15004,148,1,1246.32
12494,16,7,1246.1
13860,2,5,1245.9
14428,8,5,1244.83
16531,23,7,1244.59
17584,8,2,1242.3
17588,101,3,1240.2
17731,80,4,1240.11
12985,1,2,1239.38
13476,179,2,1238.47
14893,10,2,1237.85
13931,96,2,1237.53
15201,88,5,1236.54
14684,26,5,1236.28
15376,41,3,1233.36
15910,1,8,1232.18
18080,19,2,1231.5
18171,59,5,1231.31
14913,36,4,1227.43
12997,23,4,1226.8899999999999
12412,75,3,1226.8799999999999
17774,97,4,1225.41
15841,73,4,1224.06
13208,59,6,1223.9
16794,2,10,1222.71
14745,113,5,1220.26
15227,37,5,1219.4
13491,52,10,1215.82
17410,17,5,1214.72
13055,79,3,1214.41
18263,26,3,1213.16
13918,50,2,1212.84
16653,17,2,1212.66
12464,11,8,1212.05
17653,37,4,1207.56
15737,15,8,1205.12
16800,12,1,1201.49
13158,95,4,1201.06
17320,101,3,1200.62
17800,38,9,1199.01
15605,37,5,1198.23
13118,20,5,1197.81
13211,11,3,1197.42
16042,23,5,1197.27
17867,31,6,1197.1
14487,27,6,1196.33
17720,27,4,1195.94
17526,5,4,1195.9
15145,5,4,1194.73
12611,53,1,1193.32
13882,3,5,1191.13
12462,19,2,1189.59
16612,33,4,1187.66
15630,46,2,1186.35
13752,125,6,1186.28
17058,82,3,1179.89
16950,57,3,1178.56
12885,64,3,1175.22
12640,24,3,1174.58
15306,65,3,1174.35
14857,60,2,1173.12
13611,90,3,1171.8
18168,177,6,1169.94
12358,2,2,1168.06
13500,24,3,1166.77
14737,4,3,1164.55
14261,51,2,1163.45
14447,19,5,1163.23
16714,219,3,1161.53
12546,47,2,1161.5
15088,22,2,1160.07
17348,15,5,1159.52
13499,18,5,1159.11
16184,65,6,1158.79
14723,11,6,1158.3
13744,96,2,1156.36
16637,33,4,1154.47
16062,10,4,1153.62
12710,97,3,1149.02
17505,162,2,1145.84
16766,274,2,1145.6
12769,239,1,1143.6
17770,199,5,1143.27
18125,30,4,1142.99
15985,124,2,1142.42
16270,354,1,1141.24
13330,93,3,1140.93
13819,302,3,1140.35
16172,96,5,1140.21
17135,17,7,1139.73
17500,18,3,1138.0
17302,15,5,1135.63
17242,109,2,1135.04
15489,23,3,1134.28
16989,8,6,1133.25
17585,110,4,1133.07
13282,19,3,1132.1399999999999
13772,34,3,1132.13
13310,29,3,1132.03
13610,13,7,1131.88
15500,9,4,1131.56
13447,24,3,1129.1399999999999
14824,11,4,1127.71
12609,79,3,1126.85
14708,3,3,1126.3700000000001
17470,45,5,1125.07
14129,2,5,1123.86
15436,13,3,1122.53
13486,79,3,1122.41
17562,15,7,1122.38
16807,143,3,1121.59
16086,60,5,1121.39
15730,66,3,1120.88
17894,72,8,1119.81
14276,99,3,1119.74
13064,13,4,1119.49
12842,71,2,1118.99
15716,146,4,1118.81
17788,74,2,1117.9
13591,65,3,1117.13
14971,36,3,1116.57
16350,22,4,1116.47
12679,59,4,1113.02
17609,41,5,1112.22
16049,41,3,1111.79
14161,216,3,1110.52
14817,201,2,1110.34
15069,180,1,1109.53
12399,120,4,1108.65
15933,22,3,1107.46
16833,2,4,1106.53
12857,211,2,1106.4
14410,93,9,1105.07
14948,24,6,1101.97
17047,86,3,1100.9
14744,17,7,1099.98
15978,78,1,1098.78
13104,4,6,1098.48
17966,38,5,1098.43
16225,45,5,1096.32
16533,20,3,1095.56
13652,46,3,1095.08
15745,20,4,1094.59
15608,29,4,1093.68
13521,2,3,1093.65
18189,78,2,1090.24
13853,58,1,1090.1399999999999
12534,131,1,1089.18
15763,32,2,1086.92
13467,11,2,1083.71
17041,27,3,1081.57
14561,76,3,1080.76
16200,5,2,1080.6200000000001
13726,39,2,1079.66
15197,11,3,1079.61
12354,233,1,1079.4
13715,282,5,1079.34
16980,256,2,1078.96
14352,158,4,1078.96
16094,12,4,1078.23
16563,54,1,1077.74
13131,24,3,1073.3
15712,10,5,1072.36
15238,30,3,1071.99
13635,68,1,1071.03
17522,2,5,1070.71
13761,51,2,1070.65
14212,90,1,1070.48
17214,61,6,1069.12
16918,50,6,1068.82
15027,31,4,1066.1499999999999
17277,228,2,1065.35
14488,68,1,1064.28
17287,27,7,1064.11
12951,9,6,1064.07
15801,47,3,1063.95
12936,18,4,1063.9
12815,148,2,1063.46
14411,311,1,1063.0
16214,171,3,1062.75
15996,89,6,1060.68
15706,64,4,1060.56
17727,16,1,1060.25
18130,16,3,1059.39
14465,247,3,1058.6200000000001
13455,25,2,1058.34
14419,11,6,1058.06
15407,34,4,1056.44
14514,62,3,1055.35
15977,18,2,1054.73
16728,47,4,1054.67
12716,4,2,1053.49
14583,6,5,1052.55
16416,27,3,1051.4
12849,32,2,1050.89
14224,111,4,1050.12
15329,40,3,1049.7
14078,102,6,1049.3700000000001
15464,339,1,1048.85
15839,34,3,1048.49
15777,242,4,1047.1100000000001
16520,187,3,1046.57
14293,4,4,1046.56
17042,3,5,1044.38
15192,120,3,1044.32
14389,66,2,1043.46
15073,10,3,1043.41
12497,82,1,1043.1
14584,170,4,1042.26
13719,16,5,1041.68
18221,23,5,1041.61
15434,9,5,1041.48
14446,1,4,1039.58
16320,173,2,1038.46
16175,95,4,1037.59
12691,29,6,1035.8
16260,51,1,1035.45
13639,75,1,1033.34
17724,72,3,1033.0
12599,30,7,1032.58
12724,6,4,1031.41
17405,2,3,1031.41
13235,213,1,1031.07
12717,152,2,1030.98
13253,157,2,1030.4
17033,87,3,1030.14
15333,209,1,1028.56
16682,5,5,1028.0
15104,197,2,1027.44
13956,6,5,1026.42
14904,3,2,1025.44
16160,66,2,1025.44
15658,191,5,1024.1
17096,16,4,1022.13
14346,121,2,1021.58
13165,47,2,1021.48
12572,9,2,1020.42
13376,100,3,1019.76
18142,158,2,1019.52
12828,3,6,1018.7099999999999
14083,5,9,1018.43
12514,268,1,1017.6800000000001
13728,37,6,1016.14
13867,32,3,1015.29
12642,26,3,1013.26
12739,79,2,1013.04
17197,30,1,1013.01
14195,202,2,1012.0
14775,59,3,1011.9
16229,88,2,1010.6
13032,53,2,1010.18
16572,128,3,1009.6
16174,127,3,1009.55
17951,40,3,1008.54
17646,220,3,1008.39
14631,51,3,1006.98
13429,11,4,1006.8
17126,153,5,1004.75
14214,31,5,1004.38
13410,25,5,1003.06
12446,58,1,1002.31
12545,76,2,1000.39
15508,190,6,1000.27
18143,117,2,1000.16
12722,86,4,997.63
14540,10,3,996.26
15110,24,4,996.1
17594,86,2,993.18
16009,23,4,992.71
13363,18,2,992.5
14223,93,3,991.13
16232,44,4,990.88
17324,18,4,990.23
15062,72,4,987.86
18237,3,5,987.1
16376,9,2,987.01
13117,22,8,984.91
17144,2,2,984.57
12510,143,2,982.57
15133,128,3,982.42
14138,2,2,982.38
15071,94,2,982.07
16188,45,4,981.86
16907,30,5,981.65
16085,24,5,981.51
12541,30,3,981.18
18170,34,3,980.31
13509,9,7,979.72
15506,23,3,979.26
13350,17,2,979.12
15132,19,5,977.9300000000001
14920,213,2,977.77
15860,41,8,977.21
13026,2,5,975.36
14522,25,4,974.54
15449,27,3,974.52
12994,5,3,974.42
15747,13,3,974.04
18194,83,1,973.84
16419,113,6,972.23
13155,34,4,971.76
17100,19,2,971.74
17618,6,3,971.58
14256,261,2,969.06
15907,4,3,967.45
15793,15,3,965.61
12550,80,1,964.83
13138,23,6,962.39
14006,116,3,962.19
15156,2,3,961.49
14629,5,2,959.01
18192,72,1,957.97
13823,19,2,957.66
12697,29,3,957.59
15948,9,2,955.24
17244,54,1,954.9
17097,3,8,954.42
15835,45,4,954.09
16934,55,2,950.93
15421,59,4,950.36
16511,22,3,950.26
13636,37,5,949.12
12822,71,2,948.88
17044,26,1,948.48
13748,96,5,948.25
15787,27,3,948.05
12458,72,2,947.4
15707,36,4,945.58
17289,32,3,944.41
13261,269,2,944.1
12820,4,4,942.34
14075,5,3,942.26
15576,38,1,940.67
15289,30,3,939.78
17527,54,4,939.37
17227,19,6,939.32
16584,81,2,936.08
14140,4,2,935.05
16027,92,6,934.62
14081,303,2,934.52
12924,89,4,933.7
16657,10,4,933.62
13655,115,2,932.97
14532,237,4,932.85
18133,213,1,931.5
17552,61,4,930.41
14475,72,3,925.85
14231,184,3,925.71
17048,118,3,925.35
15312,76,4,924.85
13805,53,2,924.5999999999999
15654,10,2,922.53
13122,95,2,922.39
16551,96,3,922.12
13934,264,1,922.1
13035,74,2,921.88
17323,16,7,921.07
13984,27,5,920.51
17018,41,2,920.1
12652,332,1,919.98
13075,130,1,919.61
13549,26,7,918.2
15253,17,5,918.1999999999999
14015,53,1,917.34
14712,30,3,917.0699999999999
17236,13,6,916.13
14141,3,4,915.13
16216,268,1,914.93
16809,24,5,914.69
15587,51,4,913.68
12940,55,2,913.54
15364,96,2,913.19
14359,20,3,912.18
13782,13,6,912.0
13192,96,2,911.94
14289,9,6,911.26
18096,12,3,911.15
13689,64,1,910.0
15511,12,5,909.23
13038,81,3,908.46
14449,19,4,907.1
15480,117,1,905.5
15022,12,4,905.04
15807,51,3,903.9
17566,9,2,901.21
16716,267,2,901.2
17848,82,9,901.2
14625,197,2,899.63
17886,32,3,899.61
13662,86,3,897.76
17537,30,2,897.62
16361,10,4,896.66
15079,213,4,895.61
15865,41,3,895.13
15211,61,2,894.41
15066,54,1,893.59
12772,60,1,892.47
13515,73,4,891.12
15255,67,1,890.85
14240,31,2,890.34
17027,79,6,890.29
14344,128,8,889.9300000000001
17007,51,6,889.93
14623,33,5,889.25
17829,299,1,889.24
16347,12,2,887.65
16900,17,3,887.11
15822,4,2,885.47
17704,169,2,885.1899999999999
17109,30,6,885.04
15799,76,3,884.14
14597,12,2,883.15
18236,30,6,882.24
13037,139,3,881.0699999999999
15076,173,1,880.85
15653,93,2,877.44
14770,233,2,876.42
15100,334,3,876.0
13566,41,2,874.71
16513,5,4,874.59
13294,190,2,873.74
12847,23,1,871.54
15208,2,5,870.12
13200,20,4,870.09
13979,74,1,869.87
12694,71,2,869.67
13203,10,4,869.46
17649,139,1,868.49
14912,17,2,867.85
14715,25,4,867.38
16235,41,5,867.31
16121,58,2,867.11
14332,23,3,866.3100000000001
16567,195,2,865.6
13846,25,3,865.06
16221,37,3,864.86
12680,1,4,862.81
16266,74,7,861.89
12794,54,2,860.41
13339,201,1,860.12
14577,13,4,859.71
17064,59,3,859.35
14553,20,5,859.27
16163,233,2,856.6
13991,13,6,855.97
12693,128,4,855.91
16037,270,3,855.02
12878,237,2,854.99
17560,95,4,854.95
16877,13,6,853.72
14193,68,2,853.39
12379,82,2,852.24
16070,23,2,852.15
16020,17,3,851.01
12713,1,1,848.55
14657,18,4,848.22
13221,241,2,847.41
16924,22,3,846.75
16222,319,1,846.72
15965,18,4,845.64
14803,163,3,845.5500000000001
17624,15,2,843.48
15164,69,3,843.05
17929,12,4,843.0
13929,170,2,842.65
16108,85,1,842.5
16560,27,2,841.41
14862,26,2,841.2
17076,37,3,841.08
13940,18,4,839.14
17115,9,3,837.5
16554,43,3,837.1
15832,255,1,836.79
12728,72,4,836.33
16747,38,2,836.06
17169,58,2,835.78
17759,18,3,834.99
13835,26,4,834.57
17075,18,4,834.12
16644,178,2,833.78
15862,9,4,832.88
14644,68,2,830.76
13681,18,4,827.83
12461,95,2,826.88
12781,64,2,826.74
16494,297,1,826.53
17921,65,4,826.52
15525,3,3,825.92
12427,22,3,825.8000000000001
16869,23,4,825.42
16284,32,2,823.97
16164,18,3,822.48
12778,20,6,822.23
13893,298,1,821.1
13220,79,4,819.2900000000001
17764,51,2,818.82
16092,115,3,817.86
16943,212,3,816.73
15649,337,2,816.0
15399,2,3,815.77
14499,27,3,815.32
13280,123,3,814.86
16460,29,3,814.72
13811,184,3,814.5
18064,134,2,814.0
16600,5,6,813.52
16621,52,4,813.48
14421,58,2,813.11
15644,167,4,813.0
17980,166,3,811.45
16276,177,1,810.5999999999999
16624,81,2,810.57
13637,53,3,810.5
16891,2,5,809.7
17114,6,8,808.62
15533,20,3,807.57
12421,16,4,807.04
15952,34,4,806.57
13707,268,2,806.41
12434,85,2,806.14
16367,38,2,804.49
18248,123,2,804.02
12422,96,3,803.56
15831,59,3,801.76
18265,73,2,801.51
16806,104,4,801.49
15561,12,4,800.59
17905,72,4,800.24
13720,117,4,799.9
13030,12,2,799.48
17703,36,3,798.74
16438,6,5,798.35
13389,12,3,797.96
12701,80,2,797.71
17180,57,4,796.03
13336,78,1,795.12
15990,45,2,792.11
13167,19,4,791.33
14976,58,7,790.86
13016,74,3,789.89
16759,8,3,789.79
13329,32,2,789.0
14557,86,1,788.38
13212,20,3,788.08
13323,4,5,787.85
13884,8,5,787.6
16546,291,2,787.15
13109,60,2,786.54
12628,5,3,786.46
15806,47,3,784.58
15743,17,4,784.46
18136,64,3,784.3299999999999
17387,20,2,784.11
16054,146,1,783.9
17006,5,4,781.78
17341,157,3,781.36
15679,25,4,781.28
13583,156,1,781.03
16725,303,7,781.02
15239,11,2,780.59
17797,23,3,780.43
18228,57,2,779.9
12735,316,2,779.5699999999999
17411,13,3,778.9399999999999
13375,89,1,778.65
14815,37,2,778.5
17414,44,2,778.0
16505,32,1,777.5999999999999
13563,85,2,777.53
12425,79,1,777.2
15353,255,2,777.02
15618,33,4,776.85
13314,2,3,775.9399999999999
13341,261,1,775.85
14234,23,4,775.46
16825,39,2,775.18
15414,10,3,774.9
16043,38,4,773.99
15075,78,1,773.03
12965,90,1,771.91
17409,185,2,771.85
14662,29,4,771.17
16770,58,5,770.1
14412,43,2,770.03
16480,76,1,769.29
13356,81,1,768.24
17516,16,5,768.08
14550,11,2,765.62
14672,235,2,765.55
17695,132,2,765.34
14885,132,1,765.3199999999999
17268,108,4,763.64
17466,11,2,763.28
16470,52,4,762.39
15599,27,2,761.74
14883,19,6,761.59
16205,31,4,761.38
17425,20,2,759.1700000000001
16036,88,2,758.9200000000001
15568,3,3,758.29
12413,67,3,758.1
17979,36,4,757.71
17461,23,3,757.46
15223,226,2,755.75
13370,372,1,754.87
18104,38,1,754.64
13730,136,2,752.6
16256,267,1,752.4300000000001
12908,177,2,750.0
17146,106,3,749.78
14923,51,1,749.1
15074,106,1,748.87
15656,46,4,748.5
16859,145,2,747.81
13623,31,5,747.78
14201,61,7,747.4399999999999
16261,18,4,746.83
14050,32,2,746.36
17034,17,3,745.52
14790,17,4,745.06
13950,12,4,745.06
13236,25,2,744.85
13354,72,1,743.53
16730,53,3,743.11
12374,26,1,742.93
12465,18,2,742.1899999999999
13753,288,1,741.26
13900,184,3,740.95
17692,128,4,740.9399999999999
17974,25,3,740.79
15252,37,2,740.78
12603,22,1,739.2
14756,16,1,738.96
12976,212,1,738.6
15045,152,2,735.66
18156,13,2,734.94
15215,47,3,734.9399999999999
16362,33,5,734.77
16146,158,3,734.13
17812,13,4,732.16
13575,24,5,732.07
13736,6,2,731.9
16099,51,3,731.9
16491,47,1,731.5
14778,128,2,730.86
18035,36,3,730.4
12468,188,2,729.54
13077,2,4,729.27
17666,4,2,728.1600000000001
17888,22,8,726.05
14869,9,2,725.7
14055,107,1,725.64
16140,66,2,725.18
15584,24,4,725.11
12723,4,5,725.07
15636,90,2,724.76
12475,54,1,723.38
17521,30,3,723.21
15272,58,2,721.94
18062,174,3,720.52
16023,47,3,719.81
14179,41,2,719.78
14725,25,1,718.08
17884,4,4,717.45
15274,5,2,716.5699999999999
12535,92,2,716.35
15400,93,5,716.2
17029,111,2,716.0
15330,33,2,714.9599999999999
15757,66,2,714.42
12616,96,2,713.3
13169,64,2,712.88
13147,11,4,712.8
17761,33,1,712.78
13416,44,2,712.5
13587,64,1,712.4
17642,120,2,712.29
15855,137,5,712.24
13705,8,3,711.86
17179,179,3,711.79
13249,93,3,711.41
17472,192,3,710.29
14867,186,3,710.28
14127,123,3,709.71
16136,60,3,709.38
15951,9,2,708.22
16449,198,2,707.69
12453,135,1,707.09
16364,12,2,707.04
16309,107,2,706.5699999999999
14880,78,3,706.19
14126,8,3,706.13
15038,59,6,705.49
16015,4,3,705.39
16882,67,3,705.12
17934,52,2,704.25
12612,75,1,704.04
12883,25,4,703.47
18082,26,1,703.37
15103,32,2,703.36
15574,178,4,702.25
16997,289,3,702.0
14198,19,4,701.4
14356,80,2,701.23
17321,9,2,700.86
13238,18,4,700.73
17734,54,3,700.63
15800,108,2,699.08
13258,12,3,698.5799999999999
17423,47,2,698.41
17796,41,4,697.9
15053,5,3,697.79
14829,30,4,697.55
13596,6,2,697.04
15700,173,2,696.68
17397,23,2,696.41
14009,199,2,695.61
14959,65,4,695.42
15304,61,8,694.4
12925,5,2,694.05
14643,171,2,693.81
12410,309,2,693.33
13601,46,2,693.32
14111,15,4,692.85
17198,24,3,692.22
17733,39,2,692.19
13838,6,4,691.73
16212,20,2,690.34
18085,331,2,689.95
13023,65,2,689.9
15181,67,3,689.48
18196,96,2,689.13
17502,10,4,689.1
13799,117,2,688.86
16642,5,2,688.33
12658,19,1,686.05
16122,74,4,684.42
16495,4,3,684.41
15669,41,4,684.34
12942,132,3,683.9
17874,186,6,683.46
14222,178,1,683.17
12838,34,2,683.13
15582,25,3,682.91
13548,97,2,682.41
18135,30,5,681.91
12478,4,1,680.99
13524,41,5,680.18
16872,78,3,680.02
15322,86,1,679.68
13430,19,2,679.45
14788,8,2,679.44
17994,122,4,678.49
13925,93,4,678.25
13607,41,1,678.01
13388,132,2,677.1
13040,9,2,676.99
16377,268,1,676.2
15626,75,2,675.8
17462,61,2,675.69
13325,82,1,675.3
16418,45,3,675.27
13355,123,1,674.7
13464,59,1,674.68
17749,179,2,674.52
13951,177,3,674.45
14504,48,4,673.26
18121,150,2,673.1
14628,92,2,671.96
17883,4,4,671.77
12638,34,1,671.69
17299,12,4,669.11
12418,113,1,668.58
14342,22,4,668.56
13741,72,3,668.43
16383,75,2,668.36
15031,5,4,668.14
18022,36,1,668.11
16268,72,2,667.65
15969,3,3,666.1
17777,25,3,665.86
17105,160,2,665.78
16056,46,1,664.85
13963,309,4,664.54
16208,45,2,664.26
15643,192,3,664.0
14720,6,3,663.81
13240,97,4,663.65
16573,85,2,663.61
14451,61,2,662.59
16014,38,3,662.38
18218,212,2,662.08
16774,68,4,661.52
13028,23,2,661.3199999999999
14603,275,1,660.0
15492,29,2,659.46
13518,86,1,659.44
13759,34,2,659.41
16357,34,3,658.88
14150,36,2,658.64
17779,22,3,658.57
16696,136,4,657.9
12577,36,3,657.8
14818,74,3,657.8
15648,205,2,657.35
17459,44,2,657.3
15677,50,1,657.23
16157,16,3,656.6899999999999
13049,65,2,656.6800000000001
16708,46,1,656.63
16127,40,1,656.25
14894,86,1,655.75
16444,47,4,654.67
14651,68,2,654.6
17398,115,3,653.38
18151,135,2,653.35
13496,11,2,653.33
15205,86,2,653.24
14044,27,4,652.82
14548,151,2,652.8
17523,12,4,652.74
14034,23,3,651.82
16734,53,3,650.51
15571,12,4,650.4300000000001
16469,24,4,650.43
16969,40,3,650.41
17373,41,4,646.92
12589,29,2,646.68
15651,37,3,646.3000000000001
17545,44,3,645.96
14855,120,2,645.65
12719,6,2,644.95
17312,139,3,644.3
16431,214,3,642.81
14020,17,2,642.8
13034,55,2,642.77
15384,170,2,642.41
17046,158,1,642.02
15297,11,3,641.94
12365,292,2,641.38
12624,107,2,641.13
13417,5,2,640.83
13318,2,3,640.76
12631,58,1,640.5
14301,118,1,640.14
15919,20,2,639.89
17515,32,4,639.02
18160,58,2,638.06
14754,45,2,638.05
14664,20,2,637.89
14128,61,2,637.5
14481,165,2,636.51
15829,100,2,636.14
15773,6,1,635.6800000000001
14000,212,1,635.66
16139,19,3,635.41
17985,23,1,634.95
13892,27,4,632.97
14220,248,2,632.4
16306,214,6,632.27
18183,228,2,632.07
13822,6,2,632.0
14021,156,3,631.9
15244,66,2,631.5699999999999
13539,86,3,631.34
17990,237,3,630.84
13046,31,2,629.31
13525,15,2,628.78
14687,107,1,628.38
16022,261,1,628.28
15028,9,4,627.13
13546,13,3,626.99
15402,149,2,626.77
14036,285,1,626.65
13914,12,2,626.45
14382,27,1,626.0699999999999
16750,45,5,623.9300000000001
16718,370,1,623.75
12649,108,3,623.51
15147,241,1,623.5
13368,257,2,623.4
15258,169,2,623.16
17499,290,1,622.88
15182,155,2,622.85
17460,95,6,622.43
15768,116,3,621.83
18217,30,2,621.75
16915,10,6,621.68
17640,87,1,621.66
14152,76,2,621.29
13402,128,2,621.23
16141,89,1,620.4
12667,59,1,620.13
14529,61,3,620.04
13493,276,2,618.63
16613,71,1,618.59
13145,40,4,618.52
12596,52,2,618.27
16134,22,2,618.09
13301,104,4,618.09
14593,22,3,617.99
14377,192,2,617.05
16442,2,3,616.79
16311,18,2,616.26
14905,158,2,616.15
16005,13,4,615.39
15275,38,1,615.14
16566,16,5,614.66
16116,212,1,612.78
12513,113,1,612.29
18149,51,3,612.08
15232,114,2,612.06
15645,19,1,612.01
16109,219,2,611.88
16763,199,1,611.85
13731,220,2,610.59
12673,6,2,610.52
15795,150,1,610.01
13357,258,1,609.95
14636,37,2,609.85
13933,110,2,608.79
12933,25,3,607.53
15573,32,2,607.45
17119,4,2,606.91
14710,15,4,606.13
17849,219,4,605.8000000000001
14133,130,3,605.64
13888,120,2,605.63
17507,262,2,605.58
13233,75,2,605.12
14323,115,2,605.06
13558,6,4,605.06
14675,17,1,604.75
17664,19,2,604.64
12944,36,2,604.51
16732,32,1,603.75
12556,51,2,603.71
12707,292,1,603.42
17259,149,2,603.37
15366,76,2,602.51
17890,323,2,602.09
12654,11,5,601.98
14609,73,4,601.56
16654,142,4,601.27
12420,64,1,600.39
18211,26,5,600.07
13243,204,1,600.07
12872,327,2,599.97
12521,143,1,599.68
14965,97,2,599.0
17420,51,3,598.83
14467,18,4,598.76
15720,25,1,598.73
13311,5,2,598.5699999999999
16298,23,3,598.2
13959,80,3,598.2
14108,31,2,597.91
17864,13,3,597.5
16788,124,2,597.48
14645,157,2,597.09
15381,214,2,596.85
18246,24,2,596.1
17658,26,2,595.42
14284,31,2,595.25
16325,47,3,594.24
15442,249,1,594.0
12917,129,1,594.0
16535,6,1,593.75
18232,82,4,592.97
16203,59,4,592.9
14692,138,4,591.55
13276,64,2,590.93
13270,367,1,590.0
13452,260,2,590.0
14882,27,2,589.7
18123,25,2,589.4399999999999
16723,92,2,589.15
16838,198,2,588.85
14338,162,2,588.22
15624,117,4,588.13
17351,37,3,587.15
17014,9,3,586.33
17360,18,3,585.79
12384,29,2,585.27
15222,319,1,585.0
16384,90,2,584.5
16072,289,1,584.3199999999999
14023,8,2,584.0699999999999
13557,29,2,584.06
15762,66,2,583.75
12426,195,1,582.73
13427,20,3,582.6
17970,212,1,582.59
12695,8,4,582.1
18095,313,2,580.05
16906,82,4,579.77
17142,240,1,579.0
13292,39,2,578.94
17540,25,2,578.9
12601,190,5,577.06
14176,298,4,576.9
16916,24,2,576.26
15830,38,1,576.0
15550,5,4,575.63
16345,45,1,575.41
13487,58,3,575.4
14167,40,4,574.84
14400,150,1,574.7
12784,10,2,574.42
15339,67,2,574.07
15303,291,1,574.02
12879,45,3,573.22
15415,314,1,572.81
13379,27,3,572.56
13405,75,3,572.45
12816,96,2,572.2
13816,24,2,571.67
17616,174,3,571.1999999999999
15821,45,2,570.96
15315,65,2,570.5
14592,36,3,570.46
16667,69,2,570.13
13939,24,3,568.55
13321,73,2,567.36
17897,173,3,566.6
18150,33,3,566.5799999999999
16278,101,1,566.38
13894,24,3,564.62
15344,1,3,563.94
16933,2,2,563.23
14753,88,1,563.15
17265,139,2,562.9
12414,218,3,562.41
12559,311,2,561.71
13946,80,3,561.57
15655,244,1,560.67
13044,292,1,560.47
14273,52,4,559.97
16275,197,1,559.87
18043,25,3,559.51
14177,87,4,559.41
12866,284,1,559.12
17503,3,2,558.96
12987,74,2,558.7
13800,310,1,558.3199999999999
13260,62,1,557.62
17955,199,4,557.3
17295,29,3,556.95
16385,61,3,555.89
14805,16,4,554.65
14891,149,2,554.38
14618,10,3,553.44
15068,47,2,553.36
12363,110,2,552.0
17674,75,2,551.04
17291,309,1,550.8
17235,26,2,550.06
12390,80,1,549.84
16340,108,1,549.07
16536,111,1,548.97
16031,93,2,548.94
14474,47,1,547.66
16811,5,2,547.0699999999999
17637,32,2,547.06
16211,89,1,547.02
17520,54,1,546.81
12743,135,2,546.43
14997,47,3,546.2
17806,12,1,546.04
12793,335,2,545.48
16475,89,4,544.3
13617,41,3,544.18
13390,75,1,544.08
16927,116,3,543.05
13278,41,1,542.73
16230,190,2,542.03
17447,41,2,541.53
17557,15,3,541.46
13874,359,1,540.45
13812,43,3,539.0
14496,312,2,538.8100000000001
15452,30,3,538.73
15469,51,2,538.55
15539,8,1,538.46
17062,314,4,538.37
17345,16,4,537.74
14539,16,2,537.48
16206,55,4,537.06
15043,32,1,537.0
16804,24,3,536.99
16233,72,3,536.68
15535,174,4,536.4
16142,250,1,535.34
12988,293,1,535.32
13000,107,3,534.85
13385,330,1,534.57
13434,75,2,534.24
17443,220,1,534.24
13217,123,3,533.98
15433,214,2,533.3
15756,62,4,532.96
15825,173,1,532.94
16706,38,3,531.35
14265,110,2,530.18
18159,302,1,530.15
14002,135,2,529.73
14463,99,3,529.62
16185,17,2,529.41
17631,2,3,528.33
16602,37,1,528.08
12479,12,1,527.2
17623,33,1,527.05
18252,51,2,526.67
16892,2,5,525.54
17290,4,2,525.24
17429,129,3,524.92
15467,10,3,524.88
15891,227,1,524.52
13721,37,1,524.14
17329,15,2,523.11
18017,82,3,523.0
17712,45,1,522.91
14871,4,4,522.38
12863,53,1,521.2
15149,134,1,520.8
14873,211,1,519.68
12571,40,2,519.61
13643,32,3,519.44
16955,185,4,518.67
16650,72,1,518.42
15030,72,2,518.28
16135,263,1,517.55
17454,193,4,517.53
18205,37,2,517.36
13043,274,1,516.42
15882,199,4,516.36
15809,37,5,515.77
12811,261,3,514.85
15246,239,2,514.15
13005,174,2,513.7
17513,73,1,513.2
17805,74,1,512.31
17480,78,1,511.82
12582,239,2,511.36
14851,24,2,511.35
16561,6,2,511.12
15406,32,2,510.71
12904,19,2,509.58
12436,100,1,509.01
16898,27,3,508.81
15417,86,1,508.8
17391,164,2,508.8
14317,65,1,508.58
17958,117,1,508.46000000000004
17415,80,1,507.84
14158,41,1,507.65999999999997
14820,22,4,507.29
15721,12,1,507.08
16960,39,3,507.05
13885,190,2,506.8
16614,183,1,506.19
14014,78,1,505.18
15081,23,5,504.8
12991,24,2,503.76
17630,170,2,503.6
16863,32,2,502.8
15006,52,1,502.09
13865,59,4,501.56
15881,313,5,501.39
13116,139,1,501.14
13247,18,4,501.12
16616,16,2,500.42
15389,173,1,500.0
14958,148,3,499.68
14077,41,5,499.42
15193,61,1,499.32
14681,72,3,498.95
16488,34,3,498.8
15142,47,1,498.74
17053,131,1,498.48
17298,102,2,498.42
16820,96,1,497.61
17495,8,2,497.56
16368,3,2,497.43
15300,65,1,496.44
15018,39,3,496.21
17374,219,2,495.77
15448,313,1,494.64
16352,18,2,494.44
17333,86,1,494.25
12763,139,2,494.08
15877,2,2,493.28000000000003
13176,47,1,492.84
14270,332,1,492.65
15507,172,1,492.36
13732,29,1,491.86
14236,81,2,490.86
15000,48,1,490.52
14416,23,2,490.22
18074,374,1,489.6
12809,178,1,489.31
17361,50,3,488.2
14396,66,2,487.99
15165,374,1,487.75
16643,246,1,487.51
13338,158,1,487.02
13675,152,2,486.82
17453,18,2,486.72
15287,23,2,486.69
13153,6,1,486.22
12639,239,1,486.1
15109,246,1,484.95
16999,24,2,484.82
16504,26,1,484.38
16518,62,2,484.32
14130,320,1,483.86
13531,206,2,483.8
12808,37,3,483.65000000000003
14147,79,2,483.4
17555,20,2,483.26
14450,181,3,483.25
16603,75,2,482.46999999999997
17950,73,3,482.2
12504,19,2,482.05
16693,69,2,482.01
18216,32,1,481.75
15091,68,1,480.71
16812,361,1,479.35
16008,24,3,478.78
15589,256,3,478.53
16768,48,3,478.09000000000003
12644,130,1,477.90999999999997
13092,71,5,477.83
14320,207,2,477.78999999999996
12447,244,1,476.49
18176,359,1,476.34999999999997
14853,25,2,475.8
14497,310,1,475.37
15780,184,3,475.28000000000003
15349,159,2,473.81
15557,29,1,473.65
16374,67,2,473.03
14013,111,3,473.02
16038,8,3,471.78
17964,32,2,471.7
16885,16,3,471.51
13066,25,2,470.8
15963,20,2,470.76
14431,303,1,470.36
15471,3,1,469.48
15026,81,3,469.0
14896,205,2,468.77
13171,22,3,468.41
14335,17,2,468.26
14029,64,2,467.66
15468,52,2,467.51
13579,15,2,467.04
14205,17,2,466.7
13248,125,2,465.68
15036,73,3,465.55
17140,248,1,465.32
16742,47,1,464.9
13928,11,4,464.57
16586,249,1,463.95
14967,50,1,463.8
12787,10,3,463.65999999999997
17418,43,2,463.46
14489,208,1,463.38
12945,289,1,462.95
14331,125,2,462.65999999999997
14470,12,2,461.19
12391,22,1,460.89
16824,16,2,460.64
16805,174,2,460.59
12491,39,1,460.4
12355,215,1,459.4
16589,72,3,459.24
17880,365,1,458.92
15754,52,3,458.57
13506,317,2,458.52
17392,307,2,457.91
15092,216,2,457.81
15121,51,2,457.72
12375,11,2,457.5
13398,193,1,457.34000000000003
12564,262,1,456.9
12999,197,3,455.88
14513,101,3,455.59000000000003
15585,177,1,455.3
16529,191,1,455.25
13485,234,1,454.24
15475,78,1,454.11
17564,25,3,454.01
18158,10,2,453.4
12729,114,1,453.01
18071,258,2,453.0
14184,67,1,452.89
12591,318,1,452.84999999999997
12970,8,4,452.24
16574,72,1,451.44
15802,143,1,451.42
14173,11,4,450.84
17040,138,1,449.72999999999996
13489,106,4,449.52
12448,45,1,449.45
15739,67,1,449.12
17579,5,3,448.9
14780,55,2,447.68
15646,158,3,447.64
15456,284,3,447.21999999999997
15368,22,1,446.94
15889,157,2,446.87
14149,221,1,446.62
17370,73,4,446.18
17190,59,2,444.74
18006,24,1,444.68
14638,51,1,443.6
16404,71,1,443.05
18222,93,1,443.0
14093,13,1,442.85
12579,79,1,440.42
14022,226,1,440.0
18233,326,1,440.0
15524,25,1,440.0
13954,2,2,439.92
16025,30,1,439.65999999999997
13359,64,1,439.56
16968,5,2,439.43
13358,269,1,439.03
14272,74,2,437.96
12552,39,2,437.82
16034,197,3,437.70000000000005
12592,93,2,437.6
15553,61,1,437.23
16084,300,1,436.18
15551,37,1,436.06
16948,139,3,435.02
14910,3,4,434.35
14460,111,3,434.34
12493,166,2,433.74
17035,246,2,433.53
14157,20,2,432.88
16236,79,1,432.2
16881,67,1,432.0
15976,166,2,430.94
18106,330,1,430.7
12452,17,2,430.57
13245,51,1,430.5
12795,19,1,430.48
12827,6,3,430.15
14998,171,2,429.87
16884,38,2,429.84
15450,31,1,429.84
15230,240,2,429.6
15957,32,1,428.89
13602,65,1,428.89
16324,129,3,428.68
17869,108,5,428.18
15360,40,1,427.93
12725,372,1,427.8
12403,50,1,427.7
12740,64,1,427.6
12802,187,1,427.58
15994,55,1,427.07
17223,311,2,426.79
15930,68,1,426.63
14288,214,1,426.6
15639,135,1,425.32
16780,101,2,425.19
17134,107,2,425.0
17371,18,3,423.89
13140,109,3,423.72
16119,9,2,423.36
15012,54,2,423.04
18034,22,2,422.88
17525,360,1,422.7
13473,61,2,422.64
16689,76,2,422.6
18240,47,1,422.58
17232,3,2,421.52
14757,76,1,420.5
15206,11,4,420.3
14124,85,1,419.58
15361,362,1,418.92
15967,24,2,418.83
12593,109,3,418.1
17701,253,1,417.95
16629,74,2,417.73
13615,319,1,417.69
16737,54,1,417.6
12833,146,1,417.38
18001,13,2,417.23
13166,284,1,417.2
16816,104,4,417.06
13889,93,1,416.9
15935,240,2,416.86
16957,240,2,416.64
13085,158,2,416.08
14139,47,1,415.82
15803,52,1,415.82
12930,79,2,415.8
12580,247,1,415.7
15725,16,1,415.25
14333,68,1,415.2
16795,366,1,414.88
12993,24,4,414.76
16239,57,2,414.2
17483,66,3,414.04
17052,29,1,413.75
13974,50,1,413.59
16834,228,1,413.46
14620,206,2,412.78000000000003
13827,58,3,412.05
15523,85,1,412.01
16272,117,1,411.7
17913,59,2,411.6
14670,281,2,411.53
15186,15,2,411.40999999999997
15099,85,1,410.48
15695,267,2,409.98
14048,306,1,409.93
14348,261,1,409.57
12990,32,3,409.5
15225,235,1,409.4
16243,34,2,409.1
16018,40,2,408.9
15269,24,1,408.8
16399,20,2,408.57
17931,135,2,408.36
16010,246,3,407.5
15184,30,2,406.76
15127,66,1,406.53
16947,236,1,406.48
15342,130,1,406.09
14616,243,3,406.08000000000004
16204,24,1,405.71
18036,33,3,405.62
12922,162,1,405.38
17379,12,1,404.65999999999997
15938,113,5,404.58
16319,218,1,404.40000000000003
16484,174,2,404.3
12498,22,3,403.7
17431,314,1,403.3
15221,367,1,403.25
12386,338,2,401.9
15158,46,1,401.40000000000003
16500,5,6,400.86
16198,76,1,400.68
12792,257,1,400.53999999999996
17375,200,3,400.1
18164,38,1,399.65
13255,10,2,399.51
18154,4,2,399.19
15522,33,2,398.84
17830,2,3,398.7
12508,27,2,398.27
13352,61,1,397.98
15429,27,2,397.35
17926,134,2,397.29
12824,60,1,397.12
13594,53,1,396.97
13673,19,2,396.92
17486,262,1,396.87
15883,3,2,396.48
18067,41,1,396.33
16354,64,2,395.8
17603,79,1,394.72
14619,246,1,394.44
16207,26,1,394.38
15386,187,1,394.14
15264,65,1,393.74
15345,46,1,393.54
17226,309,1,393.49
14600,306,1,393.33
15837,65,1,391.98
16917,277,1,391.52
12982,243,1,390.54
17614,58,1,390.07
17936,6,1,389.84
18024,153,2,389.78
14752,44,1,389.64
13873,120,3,389.6
13345,288,1,389.5
16250,262,2,389.44
15847,39,2,389.27
12690,206,1,389.01
17595,13,2,388.79
15592,47,1,388.58
13899,17,2,388.52
13856,169,3,388.5
17438,254,1,388.45
16776,61,1,388.28
14538,65,2,388.25
17357,25,2,388.14
17817,5,3,387.68
14420,100,1,387.52
17508,281,1,387.31
14114,274,2,386.53
15664,51,1,386.43
14779,281,3,386.15
13821,145,2,385.64
17711,11,2,385.1
13919,60,2,384.81
13833,160,1,384.8
17250,4,2,384.52
17189,107,2,384.4
17205,54,1,384.08
16982,61,1,384.06
15048,66,4,384.05
12733,235,1,383.95
12515,354,1,383.7
15440,55,3,383.68
14304,223,1,383.45
15424,255,2,383.34
12832,33,2,383.03000000000003
13817,30,2,382.98
18181,25,1,382.8
17239,313,1,382.5
13657,11,2,382.14
17999,38,2,382.06
15090,309,1,381.32
16441,68,2,381.2
12871,85,2,380.64
17573,30,3,380.6
16930,27,3,380.55
17138,276,1,380.5
12890,25,1,380.46999999999997
16769,261,1,380.39
17031,12,2,380.35
14731,48,3,380.02
14594,8,2,379.83
16552,243,2,379.73
13589,15,2,379.65
13656,165,2,379.65
17878,44,1,379.45
15885,93,3,379.35
16909,73,1,379.14
13372,90,1,378.64
17078,37,2,378.2
17736,10,3,377.44
15025,34,1,377.01
17489,59,2,376.64
13936,180,1,376.58
16858,369,1,375.69
14448,10,2,375.35
14079,125,1,375.1
16147,134,1,375.0
14067,64,2,374.7
17492,249,1,374.57
12873,283,1,374.0
13351,67,1,373.94
13569,18,2,373.75
16321,73,5,373.65
16903,30,1,373.24
12895,43,2,372.8
12544,37,1,372.7
12981,30,2,372.21999999999997
16065,366,1,372.09
13300,170,1,371.89
17765,159,3,371.88
14690,45,2,371.7
18155,76,3,371.62
15472,114,1,371.56
14950,20,1,371.2
15975,85,1,371.01
15063,214,1,370.79999999999995
16343,17,2,370.48
15922,374,1,369.5
16758,66,1,369.34
14888,208,1,369.2
16372,34,2,367.93
17911,10,1,366.23
17358,304,2,365.85
17432,19,2,365.76
16499,361,2,365.45
16202,361,1,365.27
14886,253,1,364.8
15949,17,2,364.71999999999997
12373,312,1,364.6
15343,88,1,364.5
14528,38,1,364.21999999999997
12538,30,1,363.95
17330,23,2,363.9
15901,17,3,363.88
14171,99,1,363.79
16509,297,1,363.7
12915,149,2,363.65
18056,289,1,363.65
16485,78,1,363.65
14932,366,1,363.53
14427,51,2,363.34000000000003
16378,248,3,362.95
16052,55,1,362.06
13844,12,1,361.62
16305,139,1,361.22
13291,156,1,361.11
15872,15,2,360.93
16595,62,1,360.16
13780,8,2,360.01
13298,2,1,360.0
15120,134,1,358.82
17948,148,1,358.56
16823,228,1,358.38
13228,82,1,358.0
13976,207,1,357.98
16274,374,1,357.95
17025,61,3,357.77
16971,39,1,357.21
18040,20,2,357.2
13453,166,2,356.98
14500,89,3,356.85
15713,144,2,356.7
15247,123,1,356.0
14537,58,1,355.56
15840,59,2,355.56
12617,30,1,355.53000000000003
17742,114,2,355.11
13642,216,1,354.8
17222,66,1,354.15
12888,215,2,354.12
12845,268,4,354.09000000000003
15870,33,1,354.09000000000003
12715,107,1,353.86
17252,117,2,353.86
13173,5,2,353.65000000000003
13210,94,1,353.48
13343,178,1,353.43
14804,9,1,353.27
17976,373,1,353.19
15678,53,1,352.7
18112,13,2,352.69
15334,157,3,351.67
12566,87,1,351.65
15789,359,1,351.3
13923,54,1,351.13
15900,24,1,351.11
13332,15,1,350.9
13740,241,1,350.75
17835,3,3,350.64
17795,180,2,350.39
13108,373,1,350.06
12532,31,1,349.83
13670,76,1,349.7
13887,205,1,349.55
18250,311,1,349.27
15405,190,1,349.1
13927,75,1,348.99
13790,5,1,348.8
18127,20,3,348.73
12527,82,3,348.71
15579,69,2,348.6
16159,282,1,348.2
13052,213,1,348.15
14379,45,2,348.1
13497,283,2,348.05
17668,2,2,347.75
13062,192,1,346.98
13649,257,2,346.6
16423,25,1,346.12
13091,29,1,345.82
15781,26,3,345.46
17123,162,1,345.3
13774,82,1,345.0
14633,267,1,344.9
16978,78,1,344.33
17569,333,1,344.14
13068,11,2,344.0
15047,270,1,343.62
15520,2,1,343.5
18081,37,3,343.45
15880,370,1,343.28
12875,144,2,343.23
17201,54,1,342.63
16851,5,3,342.45
16826,52,1,341.7
13347,71,1,341.36
17917,46,3,341.28
14491,176,2,340.93
12519,64,1,340.84
15115,19,1,340.11
13737,201,1,339.6
17045,114,3,339.44
16545,165,1,339.3
17697,237,1,338.95
17839,43,1,338.8
16183,68,1,338.71000000000004
15652,92,1,337.74
15942,134,1,337.44
13930,58,2,337.34
17973,52,1,337.04
16105,249,1,336.96
17914,4,1,336.43
17384,20,2,336.4
15619,11,1,336.4
14954,13,1,336.17
18078,218,2,336.13
15921,173,1,336.03000000000003
18276,44,1,335.86
14196,107,1,335.52
16063,261,1,335.32
17221,8,2,335.13
12489,337,1,334.93
14988,212,1,334.54
15466,86,1,334.53
12350,311,1,334.4
15918,191,2,334.23
14264,155,2,333.97
13216,268,1,333.74
13727,29,2,333.48
16625,275,1,333.08
14902,26,1,332.66
13904,38,2,332.64
16850,334,1,332.40999999999997
16803,66,1,332.3
16177,51,1,331.95
16030,310,1,331.24
15210,226,1,331.18
16478,26,3,331.0
12891,186,3,331.0
17862,324,1,330.9
15714,12,2,330.88
13706,303,1,330.79
14517,34,2,330.45
15130,170,1,330.11
16593,51,3,330.03
12953,10,1,329.85
14716,44,2,329.68
17866,143,1,329.65
17615,131,3,329.6
13239,262,1,329.56
17154,76,1,329.34
15153,32,1,329.25
14012,278,1,328.8
16855,24,2,328.4
15213,319,2,328.34999999999997
14747,250,1,328.2
14206,240,1,328.15999999999997
16318,36,1,328.15
15314,200,1,327.96999999999997
14024,122,2,327.7
16366,19,1,327.3
14870,262,1,327.25
16322,2,2,326.75
14987,16,2,326.4
17715,201,1,326.4
16071,45,1,326.24
15363,373,1,326.0
12844,30,2,325.96
16830,39,1,325.91
14850,312,1,325.75
15944,277,1,325.09999999999997
12790,193,1,324.91999999999996
13801,67,1,324.8
15597,36,1,324.57
16685,62,2,324.24
18261,44,2,324.24
14555,58,2,324.14
15675,82,3,323.69
17793,26,1,323.04
16739,177,1,323.0
13955,155,2,322.96
16627,80,1,322.8
16342,76,4,322.41
15224,359,2,322.08
14424,18,1,322.08
14484,51,1,321.92
14823,181,3,321.43
15236,299,1,321.05
18117,26,1,320.71999999999997
16096,265,1,320.62
14622,185,1,320.58
13986,18,1,320.46
16674,55,2,319.61
15107,312,6,319.5
16967,190,1,319.02
17157,8,2,319.0
17229,97,2,318.76
17248,121,1,318.65
14703,15,1,318.17
12648,155,1,318.05
18066,76,1,318.0
17172,79,1,317.76
17267,128,2,317.62
15101,9,2,317.53000000000003
16386,29,2,317.2
15257,284,1,317.15
15385,41,1,316.88
15243,75,1,316.68
16761,97,1,316.62
15204,358,1,316.58
17458,16,1,316.5
13494,312,1,316.26
14479,254,2,316.25
16473,165,3,316.11
12614,278,1,315.6
16091,155,2,315.06
15766,65,1,315.06
17237,12,2,314.69
16193,237,1,314.45
12650,4,1,314.44
16227,226,1,314.22
15970,304,1,314.09999999999997
13484,242,1,313.8
16582,114,1,313.62
14729,374,1,313.49
13845,65,1,312.98
15318,4,1,312.62
12834,283,1,312.38
17362,240,2,312.23
17070,115,1,312.14
12785,365,1,311.95
16450,150,1,311.92
14142,374,1,311.81
15326,334,1,311.71
14951,80,1,311.69
14327,164,1,311.65
12852,295,1,311.55
13990,214,1,311.3
17854,186,2,311.26
16781,373,1,311.25
13897,51,1,311.16
17912,311,5,311.01
17266,3,3,310.64
15185,71,1,310.62
15308,275,1,310.46999999999997
14311,243,1,310.26
14924,246,1,310.05
15661,318,2,309.8
15699,18,1,309.65
16810,193,1,309.54
14339,243,1,309.52
14847,149,1,309.4
17604,218,2,309.36
12884,89,1,309.05
13787,76,2,309.04
15010,36,1,308.94
16956,18,1,308.74
13699,156,1,308.58
17510,25,1,308.48
13369,366,1,308.28
13466,185,1,307.9
15973,367,1,307.82
16123,52,1,307.78
13529,79,2,307.76
13395,186,1,307.72
13060,254,1,307.53
14915,92,2,307.48
17120,234,1,307.46
13932,295,1,307.4
13142,20,1,307.09000000000003
17334,303,2,307.02
15087,282,1,306.94
17551,360,1,306.84
16668,16,6,306.72
13762,219,1,306.72
13718,247,2,306.55
18059,24,3,306.46
15659,44,1,306.45
17176,202,1,306.13
13863,248,1,305.78
15219,177,1,305.75
16796,90,1,305.62
16181,74,1,305.53999999999996
13045,100,1,305.28000000000003
18220,227,1,305.28
12623,277,1,305.1
13667,150,1,305.02
17941,131,1,304.56
15163,19,2,304.46999999999997
18185,250,1,304.25
16217,236,2,304.25
17732,373,1,303.97
16400,95,1,303.93
13083,5,2,303.75
17433,89,1,303.15999999999997
15060,9,4,303.09000000000003
16425,303,1,302.7
14248,319,1,302.58
18165,178,1,302.46
16104,62,1,302.36
16292,122,1,302.25
17506,76,1,302.2
15054,13,2,302.1
17094,323,1,302.0
16297,269,1,301.9
16715,79,1,301.71999999999997
15667,40,1,301.32
15148,11,1,301.29
15623,142,1,301.03000000000003
13479,201,2,300.95
17978,366,1,300.92
16430,58,1,300.85
16479,11,2,300.83
14762,264,1,300.52
13304,352,1,300.42
15254,128,1,300.36
13745,163,1,300.04
18053,71,1,300.02
16402,265,2,299.6
18215,90,1,299.34000000000003
17124,186,1,298.89
15609,185,1,298.48
17255,41,2,298.41
17824,52,1,298.4
17678,264,1,298.11
12881,276,1,298.0
15857,19,1,297.0
13708,272,1,296.88
14985,199,2,296.75
17531,191,1,296.7
13441,92,1,296.64
15154,76,1,296.42
13751,289,1,296.25
13504,65,1,295.93
16998,150,4,295.0
13573,51,2,294.4
15732,213,2,294.12
17163,22,2,293.1
12829,337,2,293.0
15545,55,2,292.72
16721,263,1,292.47
13259,62,1,292.32
13502,17,3,292.0
13449,24,1,291.88
13544,40,2,291.41
14656,170,2,291.05
14947,73,2,290.82
16648,43,1,290.66
15279,355,1,290.51
17691,359,2,290.4
16526,172,1,290.36
17081,26,2,290.16
14784,27,2,289.99
17464,159,1,289.96000000000004
14953,26,1,289.82
16897,300,2,289.78
14162,174,2,289.36
16125,368,1,289.35
14549,312,1,289.24
17501,221,2,288.6
16808,100,2,288.42
15396,113,1,288.18
17977,30,1,288.14
17080,23,2,287.62
17760,22,2,287.59
16432,65,1,287.40000000000003
13760,55,2,286.79
16555,36,2,285.89
14660,87,2,285.74
17636,20,1,285.56
16429,107,1,284.55
18190,193,2,284.46
13121,270,1,283.73
13439,256,1,283.71
12703,72,1,283.55
17783,73,2,283.47
17251,363,1,283.28
18270,39,2,283.15000000000003
17694,142,1,283.12
14350,275,1,282.93
13754,152,2,282.6
13177,65,1,282.45
17247,16,1,282.19
16557,25,2,281.85
17403,37,1,281.62
16848,53,1,281.42
14242,235,2,280.55
13606,30,3,280.54
16149,5,2,280.52
14975,58,1,279.94
15556,25,1,279.77
14480,12,1,279.05
17786,86,2,278.74
14764,47,1,278.3
14908,75,1,277.8
17968,374,1,277.35
13803,256,1,277.07
15355,30,2,277.05
16883,188,2,276.73
13272,32,2,276.56
14508,23,2,276.42
12750,129,1,275.88
14512,188,2,275.28
16313,4,2,274.15
16727,365,1,272.82
17254,5,2,272.44
17498,76,1,272.21999999999997
14819,65,2,272.07
13917,50,2,272.04
14816,198,1,271.85
13058,25,3,271.40000000000003
13837,212,2,271.24
17767,16,1,271.2
17496,359,1,271.05
18108,255,1,271.0
17011,31,1,270.9
15774,69,1,270.8
13533,183,3,270.79
14520,2,2,270.6
13242,113,3,270.40000000000003
12558,8,1,269.96
14727,275,1,268.58
15408,265,1,267.18
17550,198,3,267.16
15320,45,1,267.13
17708,188,2,267.08
15517,234,1,267.03
16451,88,1,266.96999999999997
14863,30,1,266.76
15119,246,1,266.4
12962,8,2,266.39
15019,267,1,266.0
14068,321,1,265.85
17430,33,2,265.76
14423,219,1,265.2
13973,288,1,264.7
15912,179,2,264.62
14452,11,2,264.44
15894,254,2,263.55
12492,64,2,263.21
16936,26,1,262.68
17194,274,2,262.62
16413,57,1,262.2
17385,15,1,261.11
13189,19,2,260.68
14053,125,2,260.25
15014,44,2,260.17
15143,226,1,259.45
17125,51,1,259.35
13127,78,1,259.17
16447,136,1,259.01
15577,152,3,258.88
13277,16,4,258.4
13227,202,1,257.7
14375,186,1,257.68
18009,236,1,257.34
13626,253,1,257.23
16048,374,2,256.44
12430,44,1,256.4
13806,64,1,256.38
17896,24,1,256.32
14761,59,2,255.9
15277,47,1,255.9
14881,20,1,255.4
16226,204,3,255.12
15261,136,1,254.82
12604,80,2,254.17999999999998
14765,30,3,254.11
15689,120,2,254.1
12797,366,1,254.03
15759,219,3,253.04
17860,369,1,252.8
15035,90,1,252.73
13404,2,2,252.49
15346,333,1,252.42
13645,121,1,252.1
13711,219,2,252.06
16330,18,3,251.91
16836,40,2,251.87
17155,18,2,251.7
16976,268,1,251.51999999999998
16024,13,1,251.24
13512,261,1,251.21
14501,184,2,251.20999999999998
13207,16,2,250.26000000000002
16596,16,2,250.15
17303,362,1,250.04
15510,331,1,250.0
17456,366,1,249.85999999999999
18005,4,2,249.72
16124,318,1,249.0
17111,48,1,248.61
13061,73,1,248.60999999999999
18212,327,1,248.42
16510,373,1,248.1
15097,5,1,248.08
13592,36,4,247.96
18072,186,1,247.44
13349,11,1,247.32
14658,6,2,247.15
17051,195,1,247.14
15783,11,1,246.3
17278,242,1,246.04
16778,75,2,245.94
17771,57,2,245.81
12660,12,1,245.1
16601,41,1,244.8
15118,135,1,244.8
16528,4,1,244.41
17892,57,3,244.1
17925,373,1,244.08
13103,40,1,243.94
16793,58,1,243.84
18193,166,1,243.76
13886,72,1,243.56
15634,18,1,243.55
17339,95,2,243.35999999999999
17908,374,1,243.28
14647,202,1,243.22
16215,81,1,242.35
15776,134,1,241.62
14523,109,1,241.09
16427,264,2,241.06
15598,54,1,240.68
15286,50,1,240.55
13565,20,2,240.22
17256,108,2,240.0
17181,58,2,239.92
15690,5,2,239.76
13570,244,1,239.49
17684,44,1,239.41
16756,215,1,239.4
12561,303,1,238.85
15850,20,2,238.85
12718,72,1,238.25
17877,171,1,237.60999999999999
14586,277,1,237.35999999999999
15457,263,1,237.07
18110,20,1,236.3
12732,180,1,236.26
16026,44,1,236.09
13187,338,1,236.02
15462,95,3,234.6
14473,75,2,234.34
17060,267,1,234.23999999999998
16961,117,1,234.17000000000002
12736,333,1,234.0
15483,162,4,233.81
13348,65,1,233.76
16583,374,1,233.45
14995,39,2,233.23
16302,127,1,233.22
13678,152,1,232.6
18213,237,1,232.48
16117,190,1,232.21
15393,17,2,231.86
16641,106,1,231.1
18030,5,2,230.64999999999998
15866,102,1,230.53
16445,34,1,230.51
13786,368,1,230.4
16926,372,1,230.25
13960,22,2,230.22
12812,45,1,229.64
13474,237,1,229.59
13008,324,1,229.47
15528,255,1,229.33
14793,22,1,228.99
17347,87,1,228.96
13146,27,1,228.91
13712,247,1,228.84
13070,193,1,228.8
17969,167,2,228.2
16527,82,1,228.06
14569,2,1,227.39
17212,254,1,226.85
17572,72,4,226.75
16315,331,1,226.37
16777,81,2,226.35
16619,264,1,226.21
12672,330,1,225.9
17789,282,1,225.9
14624,58,2,225.85
14357,44,1,225.77
12402,324,1,225.6
16690,73,2,225.58
14052,20,1,225.36
16587,233,1,225.15
17171,290,1,224.91
15175,72,1,224.14
16471,275,1,223.95
16753,59,1,223.92000000000002
14929,33,1,223.88
13926,24,1,223.85
18101,12,2,223.65
15637,53,1,223.36
17534,54,1,223.36
13382,281,1,222.99
15897,195,2,222.05
14598,45,1,221.97
14960,9,2,221.27
16392,270,1,221.19
13419,64,1,221.06
15790,11,1,220.85
16482,16,1,220.62
13079,5,5,220.1
18114,291,1,220.1
13600,313,1,219.52
15096,43,1,219.39
16895,65,1,219.14
12702,20,1,219.0
13669,51,2,218.55
17619,313,1,218.52
13428,11,1,218.47
12574,316,1,218.45
15724,202,2,218.25
14570,281,2,218.06
16634,223,2,217.9
13271,38,1,217.38
15554,278,1,217.2
16080,82,2,217.16
13739,19,1,216.9
13503,72,1,216.85
15460,355,1,216.76
12897,205,2,216.5
15604,53,1,216.39
17436,2,2,216.3
14104,155,2,216.21
13858,58,1,216.17000000000002
16179,61,1,215.83
15052,320,1,215.78
17580,253,3,215.72
14476,258,1,215.7
16189,16,2,215.48
16190,41,1,215.07999999999998
16519,26,2,215.07999999999998
12831,263,1,215.05
12588,40,1,214.9
16338,158,1,214.8
16411,20,2,214.65
16846,51,1,214.32
16647,170,2,214.06
14601,11,1,213.96
13621,117,1,213.85
17153,25,1,213.78
14241,184,1,213.70000000000002
13411,108,1,213.55
16591,69,1,213.5
15540,12,1,213.3
14984,20,2,213.27
17928,46,2,212.54
16017,48,1,211.88
16356,198,3,211.77
15703,265,1,211.5
12995,86,1,211.32
16415,45,1,210.35
13532,34,1,210.31
13828,23,1,209.49
17855,373,1,208.97
15327,53,1,208.75
17514,129,1,208.65
16914,37,1,208.46
16457,219,1,208.36
12547,198,2,207.8
18191,262,1,207.8
16866,141,3,207.74
17923,283,1,207.5
16752,373,1,207.5
16323,197,1,207.5
13099,100,1,207.36
15925,195,1,207.15
15820,320,1,206.98
18126,61,1,206.83
17166,39,2,206.34
14964,248,1,206.21
13065,374,1,205.85999999999999
17670,228,1,205.7
17843,304,1,205.48
15307,96,1,205.3
15758,25,1,205.25
13513,127,1,205.1
15319,284,1,204.5
17206,54,1,204.24
18273,3,3,204.0
13017,8,1,204.0
17187,227,1,203.95
17394,220,1,203.87
17889,213,2,203.87
17891,163,1,203.85999999999999
17376,71,2,203.2
15723,365,1,203.1
14381,53,1,202.68
18169,61,1,202.65
14385,10,3,202.10999999999999
15347,367,1,201.6
13295,360,1,201.2
16965,227,1,201.19
13284,331,1,201.19
13859,327,1,201.16
17988,12,7,201.12
17693,138,1,200.47
13262,264,1,200.29
15437,263,1,200.16
13980,61,1,200.14
14782,320,1,200.1
13723,218,1,199.85
15593,71,1,199.8
13322,18,1,199.48000000000002
17383,5,1,199.29
16832,185,3,199.15
17987,186,1,198.57
16178,139,1,197.89999999999998
12450,157,2,197.88
12581,40,1,197.71
14185,332,1,197.65
14789,29,1,197.64
17301,22,1,197.63
16829,157,1,197.22
14830,54,1,197.13
15234,277,1,197.0
12586,18,1,196.94
13436,2,1,196.89
15746,135,1,196.88
13978,15,2,196.79
17660,142,1,196.0
16112,144,4,195.74
13792,67,2,195.55
17010,19,1,195.36
14666,25,1,195.25
15612,37,2,195.15
14100,138,1,194.9
16887,36,1,194.88
14087,3,1,194.42
17475,80,1,194.37
15683,118,1,193.75
15198,93,2,193.64
17343,356,1,193.64
16847,44,1,193.44
17608,34,2,193.42
14806,76,1,193.39
14801,62,1,193.14
13568,174,1,192.85
12522,40,2,192.72
14768,18,2,192.6
12791,374,1,192.6
15909,174,1,191.94
17904,22,1,191.67000000000002
14966,15,1,191.32
15692,29,1,191.04
17233,36,1,190.88
13033,358,1,190.55
15412,172,1,190.53
13972,71,2,190.25
17885,13,1,190.19
12361,288,1,189.9
13826,177,1,189.5
13663,180,1,189.47
18045,46,1,189.4
16448,199,1,188.89
14697,219,2,188.61
12893,31,1,188.14
17781,160,2,188.02
14722,148,1,187.92
17279,58,1,187.82999999999998
18013,156,2,187.29
17440,157,3,186.42000000000002
13672,302,2,186.39
14551,19,2,186.23
15567,19,1,186.01
12641,116,1,185.9
17574,243,1,185.65
14199,219,1,185.39999999999998
16097,241,1,185.04999999999998
13482,233,1,184.64
17680,24,1,184.4
16433,29,1,184.26
15124,23,2,184.19
14326,243,1,183.85
16680,44,1,183.7
14059,267,1,183.6
13460,30,2,183.44
13059,250,1,183.4
17772,11,2,182.77
14082,365,1,182.25
18119,368,1,181.12
16594,76,1,181.09
15886,61,1,181.09
15945,366,1,181.0
15292,202,1,180.94
16835,129,2,180.85
18280,278,1,180.6
13710,32,1,180.48
15041,171,1,180.35
13598,48,1,180.17000000000002
12622,233,1,180.1
18147,46,2,179.34
15895,150,1,179.17
15454,363,1,179.1
16990,219,1,179.0
14705,199,1,179.0
16620,4,2,178.96
15139,240,2,178.95999999999998
15262,324,1,178.95
13778,104,1,178.7
17879,174,1,178.52
17253,19,1,178.26
17356,312,1,178.22
18282,8,2,178.05
16403,313,1,177.5
13618,174,1,177.34
12618,22,1,177.31
13072,267,1,177.15
12923,65,1,176.97
17947,38,1,176.68
14287,9,3,176.63
12509,285,1,176.5
18274,31,1,175.92
17582,237,1,175.27
17331,124,1,175.2
16144,247,1,175.2
18010,257,1,174.8
14355,366,1,174.4
13560,8,1,174.37
14518,65,1,174.37
15335,54,1,173.97
18278,74,1,173.9
16861,60,2,173.76
14798,53,3,173.74
16565,365,1,173.7
12441,367,1,173.55
15565,51,2,173.16
15670,297,1,173.05
14693,265,1,172.9
18048,204,2,172.29
13690,60,1,172.25
13922,352,1,172.25
12442,4,1,172.06
14536,260,1,171.8
16773,58,1,171.59
17245,205,1,171.45000000000002
15432,24,1,171.19
17542,270,1,170.75
14860,20,1,170.32
18058,10,1,170.16
15016,173,1,170.04
16921,62,1,169.79
13962,22,2,169.54999999999998
14218,43,1,169.48
18004,363,1,169.47
12367,5,1,168.9
14578,4,1,168.63
18269,367,1,168.6
17367,239,1,168.4
15888,81,1,168.31
18099,128,1,168.31
16282,340,1,168.3
17737,10,2,168.24
15986,31,1,168.12
15374,129,1,168.0
12551,358,1,168.0
18088,62,1,167.67
17561,20,1,167.62
16952,110,2,167.61
15920,155,4,167.5
16405,303,2,167.25
18014,29,1,166.42
14295,41,1,166.2
17650,22,1,166.07999999999998
12817,282,1,166.04
14485,39,1,165.75
14552,152,1,165.07
18042,54,1,165.05
15316,327,1,165.0
13470,100,2,165.0
15904,9,1,164.68
17535,281,1,164.4
13603,27,1,164.34
12920,18,1,164.23
18200,107,1,163.8
14354,6,2,163.62
17110,166,1,163.29999999999998
13223,201,2,163.2
16406,19,1,163.07
15167,321,1,163.0
16517,278,1,162.70000000000002
15733,283,1,162.3
15325,104,1,162.29
16932,54,1,161.94
17600,18,1,161.67
15458,26,1,161.64
16113,184,1,161.38
14362,23,1,161.2
14204,3,1,161.03
14089,57,1,161.0
14237,374,1,161.0
13229,226,1,160.95
15852,187,2,160.71
17344,47,1,160.57
12573,228,1,160.54
18203,158,1,160.42000000000002
18146,141,2,160.35
14714,25,1,160.19
12966,10,1,160.18
13420,150,2,159.85
16213,79,1,159.0
18224,264,1,158.95
13937,170,1,158.85
17165,285,1,158.68
15160,358,1,158.16
15348,73,1,158.04
15988,20,1,158.03
17556,206,1,157.9
14799,52,1,157.7
14148,234,1,157.2
17128,335,1,157.09
14585,51,1,157.05
17118,318,1,157.02
15007,160,1,156.91
14406,120,1,156.75
15438,132,1,156.57999999999998
15263,107,1,156.51
13898,326,1,155.93
17871,205,1,155.9
17899,160,1,155.8
14813,370,2,155.43
17832,50,1,155.37
12738,373,1,155.35
16720,27,1,155.24
15447,331,1,155.17
13809,306,1,155.05
14368,320,1,155.0
14046,285,1,154.99
17698,261,1,154.95
15740,50,1,154.88
17026,186,2,154.83
15226,311,1,154.41
17517,309,1,153.94
17286,22,1,153.92
16351,333,1,153.9
12602,59,1,153.12
17714,321,1,153.0
16248,62,1,152.94
17984,146,1,152.68
18138,296,1,152.65
14066,267,1,152.55
17707,186,2,152.4
14039,34,1,152.2
13514,74,1,152.2
17898,86,2,152.06
16617,236,1,151.85
16412,54,1,151.83
14208,95,1,151.74
13462,253,1,151.5
16461,178,1,151.42
13697,39,1,151.3
16337,37,1,151.05
14073,33,1,151.04
15717,235,1,150.3
17234,183,1,149.89
15869,278,2,149.64
17946,234,2,149.57999999999998
18262,141,1,149.48
15748,41,1,149.31
15435,23,1,149.29
13003,106,3,149.05
17549,24,2,148.86
15526,34,2,148.44
17859,305,1,148.21
14968,31,1,147.59
14098,37,1,147.35
14037,177,2,147.2
12864,139,1,147.12
15503,363,1,147.09
17030,64,1,146.87
14238,327,1,146.85
16893,367,1,145.93
12565,289,1,145.92
17935,139,2,145.79
13866,75,1,145.67
15937,65,1,145.35
16598,286,1,145.05
17524,362,1,145.0
16852,11,2,144.91
12974,198,1,144.8
14109,73,1,144.2
12587,8,1,144.0
17186,47,2,144.0
17578,219,1,143.45999999999998
15705,202,1,143.1
16287,170,1,142.5
13299,269,1,142.5
14386,297,1,142.4
13584,307,1,142.4
13561,216,1,141.85999999999999
14041,267,1,141.41
15388,271,1,140.54
13483,66,1,140.34
14494,26,1,139.56
17718,233,1,139.35
16483,193,1,139.35
14772,113,1,139.26
18209,29,1,139.1
15135,240,1,139.05
13273,114,1,138.98
12902,265,1,138.68
14581,17,1,138.6
17122,120,1,138.32
13716,270,1,138.28
15663,107,1,138.14
12512,67,2,138.03
16050,174,1,137.9
13279,79,1,137.75
17709,170,1,137.45
15836,51,1,137.37
14483,282,1,137.1
17468,11,2,137.0
15691,253,1,136.8
14247,279,1,136.77
17972,242,1,136.04
16462,74,3,136.0
12968,113,1,135.95
15042,200,1,135.93
14889,337,1,135.9
15419,25,1,135.86
16114,171,1,135.75
15174,323,1,135.75
16665,363,1,135.4
15276,67,1,135.31
12851,97,1,135.18
13364,72,1,134.96
16055,221,1,134.8
14340,219,1,134.7
15562,352,1,134.55
14174,34,1,134.46
12837,174,1,134.1
14280,197,1,134.04
16424,192,1,133.56
14349,11,1,133.5
12445,23,1,133.4
17881,305,1,133.35
15709,284,1,133.25
17647,66,1,133.06
17785,54,1,131.94
14438,307,1,131.9
17297,18,1,131.78
17455,204,1,131.7
14795,167,1,131.45000000000002
15844,47,1,130.74
16679,367,1,129.75
16611,187,1,129.49
16623,246,1,129.45
16828,94,2,128.5
15543,289,1,127.86
17359,12,1,127.86
13781,251,1,127.84
15578,163,1,127.1
15923,373,1,127.08
14962,271,1,126.7
16414,22,2,126.25
15463,30,1,126.14
16988,6,1,126.12
12814,102,1,125.92
13522,31,1,125.8
14861,53,1,125.78999999999999
14890,254,1,125.65
15017,34,1,125.58
12531,15,1,125.22
17148,52,1,124.88
16849,187,1,124.57
16569,4,1,124.2
14495,51,2,123.80000000000001
16658,369,1,123.24
15917,248,1,123.1
17967,372,1,123.07
13519,79,1,122.75
13876,64,1,122.7
14413,363,1,122.7
13638,16,1,122.64
14165,276,1,122.53999999999999
14076,130,1,122.47
16073,298,1,122.4
18018,109,2,122.14
13244,93,1,121.74000000000001
13182,46,1,121.18
15049,274,1,121.17000000000002
15512,156,2,121.0
13002,319,1,120.95
17446,177,2,120.89999999999999
18015,5,1,120.03
14314,107,1,120.0
14259,142,1,120.0
14453,191,1,119.93
16542,54,1,119.62
15266,339,1,119.3
16666,20,1,118.98
15843,304,1,118.95
17079,79,1,118.8
14155,267,1,118.75
13581,310,1,118.0
13193,62,1,117.88
12929,312,1,117.85
17654,278,1,117.55
16959,88,1,117.35
13877,87,1,117.24
17117,289,1,116.2
13170,27,1,116.00999999999999
17601,240,1,116.00999999999999
14143,134,1,115.8
15350,374,1,115.64999999999999
13067,83,1,115.46000000000001
18027,99,1,115.31
14972,129,1,114.77
13188,12,1,114.6
14632,263,1,114.56
16247,171,1,114.56
14974,38,1,114.39
17852,12,2,114.34
17219,32,1,114.23
14652,78,1,114.18
12938,26,1,114.14
14582,41,1,114.10999999999999
12651,335,1,114.0
14457,311,1,113.64
15445,265,1,113.5
17217,235,1,113.5
18105,38,1,113.47999999999999
16913,291,1,113.44
15280,173,1,113.12
14689,209,1,112.8
13161,314,1,112.75
16697,242,1,112.75
13807,368,1,112.6
18129,244,1,112.55
15610,52,1,112.46000000000001
17038,31,1,112.4
14271,226,1,112.32
17893,226,1,112.25
17900,191,2,112.19999999999999
12756,87,1,112.08
17274,36,1,111.98
17957,67,1,111.68
17887,130,1,111.35
18120,215,1,111.15
13508,244,1,110.97
13144,333,1,110.95
15537,164,1,110.92
15853,52,1,110.8
17349,180,1,110.75
16963,188,1,110.55
14641,22,1,110.46000000000001
12734,353,1,110.39999999999999
18277,59,1,110.38000000000001
17901,30,1,110.38
16792,283,2,110.38
17746,241,1,110.25
17836,48,1,110.21000000000001
16339,285,1,109.95
13133,274,2,109.8
16363,54,1,109.36
14699,215,1,109.13
14345,39,1,108.98
17639,277,1,108.5
16106,66,1,108.38
13226,274,1,108.21000000000001
12956,307,1,108.07
14661,27,1,107.95
16784,20,1,107.6
15395,326,1,107.45
16757,319,1,106.83
15168,26,1,106.56
15070,373,1,106.2
17791,30,1,106.1
16581,183,1,105.84
15775,246,1,104.9
14027,61,1,104.82
15607,337,1,104.75999999999999
15958,75,1,104.35
18174,8,1,104.0
18255,90,1,103.3
17548,234,1,103.3
14542,186,1,103.25
17962,143,1,102.83
18011,374,1,102.78999999999999
14836,11,3,102.45
14981,247,1,102.12
13948,361,1,102.0
15212,242,1,101.8
18068,290,1,101.7
16516,31,1,101.69999999999999
17643,374,1,101.55
16006,212,1,101.4
18086,275,1,101.34
13101,235,1,101.19
16344,159,1,101.10000000000001
16498,162,2,100.97
14946,15,1,100.9
17427,72,1,100.8
14371,296,1,100.5
13703,319,1,99.5
17939,160,1,99.14
15256,149,1,98.45
17538,26,1,98.42
17895,45,1,98.0
18033,66,1,97.97
15422,324,2,97.7
12984,19,1,97.5
17325,281,1,96.8
15216,88,1,96.6
14642,59,1,96.11999999999999
17024,46,3,95.85
18249,18,1,95.34
12548,167,1,95.19999999999999
16387,323,1,94.36
13651,36,2,94.2
15397,290,1,94.0
15428,16,1,93.78
18227,218,1,93.75
13283,60,2,93.66
17991,226,2,93.35
12821,215,1,92.72
14054,66,1,92.46000000000001
12789,66,1,91.85
13551,320,1,91.80000000000001
13160,23,1,91.8
12659,30,1,91.68
15488,93,1,91.32
13947,66,1,90.6
14353,216,1,90.6
18084,17,1,90.48
16506,20,2,90.3
15552,218,1,90.12
16597,5,1,90.03999999999999
14117,144,1,90.0
14219,5,1,89.94
14760,298,1,89.2
12686,372,1,89.14
14436,99,1,89.06
12353,205,1,89.0
15083,257,1,88.2
15180,368,1,87.5
13296,138,1,87.4
15541,115,1,85.13
13841,253,1,85.0
15729,213,1,85.0
13666,61,3,84.65
12401,304,1,84.3
17309,96,1,82.75
13006,57,1,81.57
17620,60,1,81.44
18281,181,1,80.82
16789,9,1,80.8
13967,146,1,80.7
17752,360,1,80.64
13747,374,1,79.6
16078,284,1,79.2
15753,305,1,79.2
17942,8,1,77.5
14785,11,2,77.4
13132,262,1,77.3
13992,31,1,76.8
14373,359,1,76.55
17536,178,1,76.5
13106,134,1,76.5
15668,218,1,76.32
18113,369,1,76.32
14090,325,1,76.32
16148,297,1,76.32
17995,282,1,76.1
17628,82,1,75.75
16610,220,1,75.66
13403,18,1,75.0
16468,75,1,74.9
13095,71,1,74.4
18050,360,1,74.4
17960,172,1,73.78
12506,233,1,73.5
18032,335,1,73.5
16171,60,1,73.19999999999999
17906,248,1,72.9
13686,183,1,72.0
13938,36,1,71.66
17747,113,1,71.4
13185,268,1,71.4
17022,32,1,71.0
18037,155,6,70.02
15863,26,2,68.84
14393,219,1,67.95
13684,286,1,67.23
17382,66,1,65.4
13130,95,1,64.0
13302,156,1,63.75
17263,209,1,63.440000000000005
14437,366,1,63.0
12665,325,1,63.0
14840,268,1,62.85
13218,128,1,62.64
15516,45,3,62.43
13194,136,1,60.7
17174,218,1,59.9
13391,204,1,59.8
13682,188,1,59.5
14957,254,1,58.49
13080,180,1,58.08
17775,255,1,56.4
15899,369,1,56.25
13366,51,1,56.16
16349,291,1,53.5
15504,82,1,52.83
13832,20,1,52.2
14865,8,2,52.2
15313,111,1,52.0
14682,188,2,52.0
17844,107,1,51.559999999999995
14351,165,1,51.0
13011,373,1,50.55
18184,16,1,49.8
14821,367,1,48.8
15603,79,1,48.480000000000004
16257,177,1,46.95
14080,33,1,45.599999999999994
15423,39,1,43.5
14300,19,1,43.2
15992,4,1,41.989999999999995
15178,261,1,40.5
14589,372,1,39.75
12977,157,1,39.239999999999995
16659,190,1,39.12
18019,52,1,38.45
12855,373,1,38.099999999999994
16162,253,1,37.4
17816,37,4,36.56
15940,312,1,35.8
14576,373,1,35.4
16856,15,1,35.4
17831,34,1,35.4
15744,78,1,34.8
16765,295,1,34.0
17408,164,1,32.65
13120,239,1,30.6
15657,23,1,30.0
17102,262,1,25.5
18268,135,1,25.5
16953,31,1,20.8
17986,57,1,20.8
16093,107,1,17.0
13307,121,1,15.0
17763,264,1,15.0
15823,373,1,15.0
16878,85,1,13.3
17956,250,1,12.75
16454,45,2,6.9
14792,64,1,6.2
16738,298,1,3.75
